"cdlinhalocalidade","denome"
1,ABAÍRA
2,ABARÉ
3,ABÓBORA (FAZ CAETANOS)
4,ACAJUTIBA
5,ACAMPAMENTO 40/45 (POV ALCOBAÇA)
6,ACAMPAMENTO 45 (POV ALCOBAÇA)
7,ACARACI (POV DÁRIO MEIRA)
8,ACARACI (POV ITAGIBÁ)
9,ACARAÍ (POV CAMAMU)
10,ACARU (ABARÉ)
11,ACESSO À FÁBRICA FORD (CAMAÇARI)
12,ACESSO CAMAÇARI / BA512
13,AÇU DA TORRE / MALHADA (DIST MATA DE SÃO JOÃO)
14,AÇUDINA (DIST SANTA MARIA DA VITÓRIA)
15,ACUÍPE (POV ILHÉUS)
16,ACUPE (DIST SANTO AMARO)
17,ADUSTINA
18,AGROVILA I (SERRA DO RAMALHO)
19,AGROVILA III (SERRA DO RAMALHO)
20,AGROVILA IV (SERRA DO RAMALHO)
21,AGROVILA IX (SERRA DO RAMALHO)
22,AGROVILA V (SERRA DO RAMALHO)
23,AGROVILA VI (SERRA DO RAMALHO)
24,AGROVILA VII (SERRA DO RAMALHO)
25,AGROVILA VIII (SERRA DO RAMALHO)
26,AGROVILA X (SERRA DO RAMALHO)
27,AGROVILA XI (SERRA DO RAMALHO)
28,AGROVILA XII (SERRA DO RAMALHO)
29,AGROVILA XIII (SERRA DO RAMALHO)
30,AGROVILA XIV (SERRA DO RAMALHO)
31,AGROVILA XV (CARINHANHA)
32,AGROVILA XVI (CARINHANHA)
33,ÁGUA BELA (DIST POÇÕES)
34,ÁGUA BRANCA (POV JEREMOABO)
35,ÁGUA DOCE (POV CRISTÓPOLIS)
36,ÁGUA FRIA
37,ÁGUA LIMPA (POV JUCURUÇU)
38,ÁGUA QUENTE (POV GENTIO DO OURO)
39,AGUADA NOVA (POV LAPÃO)
40,AIQUARA
41,ALAGADIÇO (FAZ IRAMAIA)
42,ALAGOAS (POV ITABERABA)
43,ALAGOINHA (POV ANGICAL)
44,ALAGOINHAS
45,ALCOBAÇA
46,ALEGRE (POV ITAGUAÇU DA BAHIA)
47,ALGODÃO (BRUMADO)
48,ALGODÃO (DIST IBIRATAIA)
49,ALGODÃO (FAZ VITÓRIA DA CONQUISTA)
50,ALGODÕES (POV QUIJINGUE)
51,ALGODÕES (POV SENTO SÉ)
52,ALMADINA
53,ALMAS (POV CONCEIÇÃO DO COITÉ)
54,ALSIBÍADES (TEIXEIRA DE FREITAS)
55,ALTAMIRA (POV CONDE)
56,ALTO VERMELHO (POV ITABERABA)
57,ALVORADA (FAZ ITAJU DO COLÔNIA)
58,AMADO BAHIA (DIST MATA DE SÃO JOÃO)
59,AMARALINA (SALVADOR)
60,AMARGOSA
61,AMÉLIA RODRIGUES
62,AMÉRICA DOURADA
63,AMIANTO (FAZ BOM JESUS DA SERRA)
64,AMPARO (POV BOA VISTA DO TUPIM)
65,ANAGÉ
66,ANDARAÍ
67,ANDARAÍ (POV PIRITIBA)
68,ANDORINHA
69,ANGICAL
70,ANGICO (DIST MAIRI)
71,ANGICO (TUCANO)
72,ANGUERA
73,ANTARI (POV BARRA DO MENDES)
74,ANTAS
75,ANTÔNIO CARDOSO
76,ANTÔNIO DE PAULA (PRADO)
77,ANTÔNIO GONÇALVES
78,ANURI (DIST ARATACA)
79,APARAJU (POV ALCOBAÇA)
80,APORÁ
81,APUAREMA
82,ARAÇÁS
83,ARACATU
84,ARACI
85,ARACI (POV BROTAS DE MACAÚBAS)
86,ARAGUAIA (FAZ CAFARNAUM)
87,ARAMARI
88,ARAPIRANGA (DIST RIO DE CONTAS)
89,ARAPOÃ (FAZ ANAGÉ)
90,ARATACA
91,ARATU (SIMÕES FILHO)
92,ARATUÍPE
94,AREIA BRANCA (LAURO DE FREITAS)
95,AREIA BRANCA (POV ITABUNA)
96,AREIAS (CAMAÇARI)
97,AREMBEPE (DIST CAMAÇARI)
98,ARGOIM (DIST RAFAEL JAMBEIRO)
99,AROEIRA (DIST CONCEIÇÃO DO COITÉ)
100,AROEIRA (POV CONCEIÇÃO DO COITÉ)
101,AROEIRA (POV LAPÃO)
102,ARRAIAL D AJUDA (DIST PORTO SEGURO)
103,ARRECIFE (POV LIVRAMENTO DE NOSSA SENHORA)
104,ARUEIRA (EUCLIDES DA CUNHA)
105,ASSENT IÊDA BARRADAS (ANTÔNIO CARDOSO)
106,ASSENTAMENTO CORUMBAU (POV PRADO)
107,AURELINO LEAL
108,AURORA (POV OUROLÂNDIA)
109,AV AMARÍLIO THIAGO DOS SANTOS (LAURO DE FREITAS)
110,AV AMÉLIA AMADO (ITABUNA)
111,AV ANITA GARIBALDI (SALVADOR)
112,AV ANTÔNIO CARLOS MAGALHÃES (SALVADOR)
113,AV BARROS REIS (SALVADOR)
115,AV BEIRA MAR (LAURO DE FREITAS)
116,AV BONOCÔ (SALVADOR)
117,AV BRASIL (DIAS D'ÁVILA)
118,AV CARDEAL DA SILVA (SALVADOR)
119,AV CENTENÁRIO (SALVADOR)
120,AV COMERCIAL (CAMAÇARI)
121,AV DA FRANÇA (SALVADOR)
122,AV DORIVAL CAYMMI (SALVADOR)
123,AV DOUTOR JOÃO VARGENS (CAMACÃ)
124,AV ELMO SEREJO FARIAS (SIMÕES FILHO)
125,AV ENG WALTER ARAGÃO DE SOUZA (SIMÕES FILHO)
126,AV FORTALEZA (LAURO DE FREITAS)
127,AV FRANÇA (SALVADOR)
128,AV GARCIA D'ÁVILA (DIAS D'ÁVILA)
129,AV GETÚLIO VARGAS (CAMAÇARI)
130,AV GETÚLIO VARGAS (FEIRA DE SANTANA)
131,AV ILHÉUS (ITABUNA)
132,AV IMBASSAY (DIAS D'ÁVILA)
133,AV JEQUITAIA (SALVADOR)
134,AV JOANA ANGÉLICA (DIAS D'ÁVILA)
135,AV JURACY MAGALHÃES (DIAS D'ÁVILA)
136,AV LAURO DE FREITAS (DIAS D'ÁVILA)
137,AV LESTE (CAMAÇARI)
138,AV LUÍS EDUARDO MAGALHÃES (SALVADOR)
139,AV LUIZ TARQUÍNIO (LAURO DE FREITAS)
140,AV MANOEL DIAS DA SILVA (SALVADOR)
141,AV OCTÁVIO MANGABEIRA (SALVADOR)
142,AV OSCAR PONTES (SALVADOR)
143,AV PARALELA (SALVADOR)
144,AV PARQUE DAS DUNAS (CAMAÇARI)
145,AV PITANGUEIRAS (LAURO DE FREITAS)
146,AV PÓLO EMPRESARIAL (CAMAÇARI)
147,AV PROF PINTO DE AGUIAR (SALVADOR)
148,AV RADIAL A (CAMAÇARI)
149,AV RAUL SEIXAS (DIAS D'ÁVILA)
150,AV RIO BANDEIRA (CAMAÇARI)
151,AV RUI BARBOSA (SIMÕES FILHO)
152,AV SAN MARTIN ( SALVADOR)
153,AV SANTOS DUMOND (LAURO DE FREITAS)
154,AV SÃO CRISTÓVÃO (LAURO DE FREITAS)
155,AV SÃO CRISTÓVÃO (SALVADOR)
156,AV SETE DE SETEMBRO (SALVADOR)
157,AV SUBURBANA (SALVADOR)
159,AV TIRADENTES (CAMAÇARI)
160,AV VASCO DA GAMA (SALVADOR)
161,AV WASHINGTON LUIZ (SIMÕES FILHO)
162,BA093
163,BA210
164,BA270
165,BA504
166,BA522
167,BA522 / ENT CANDEIAS
168,BA523
169,BA526
170,BA528
171,BA530
172,BA530 / ACESSO À CETREL
173,BA678
174,BABILÔNIA (POV LAPÃO)
175,BAIACU (VERA CRUZ)
176,BAIANÓPOLIS
177,BAIXA ALEGRE (POV JITAÚNA)
178,BAIXA DO ARROZ  (FAZ SÃO DESIDÉRIO)
179,BAIXA DO FISCAL (SALVADOR)
180,BAIXA GRANDE
181,BAIXA GRANDE (POV ENTRE RIOS)
182,BAIXA JOSÉ FÉLIX (POV OUROLÂNDIA)
183,BAIXÃO (DIST JEQUIÉ)
184,BAIXÃO (POV PARIPIRANGA)
185,BAIXIO (POV ESPLANADA)
186,BALANÇA (TEIXEIRA DE FREITAS)
188,BAMBORIL (SÁTIRO DIAS)
189,BANCO CENTRAL (DIST ILHÉUS)
190,BANCO DA VITÓRIA (DIST ILHÉUS)
191,BANCO DE AREIA (POV SÃO SEBASTIÃO DO PASSÉ)
192,BANCO DO PEDRO (POV ILHÉUS)
193,BANDEIRA DE MELO (POV ITAETÊ)
194,BANDEIRA DO ALMADA (DIST ITAJUÍPE)
195,BANDEIRANTES (CARAVELAS)
196,BANDIAÇU (POV CONCEIÇÃO DO COITÉ)
197,BANZAÊ
198,BARAÚNA (FAZ MIRANTE)
199,BARAUNA (POV SENHOR DO BONFIM)
200,BARAÚNAS (POV SEABRA)
201,BARCELONA (DIST MEDEIROS NETO)
202,BARRA
203,BARRA (FAZ IPECAETÁ)
204,BARRA (SALVADOR)
205,BARRA DA ESTIVA
206,BARRA DE ÁGUA FRIA (ÁGUA FRIA)
207,BARRA DO CHOÇA
208,BARRA DO FURADO (POV CÂNDIDO SALES)
209,BARRA DO ITARIRI (DIST CONDE)
210,BARRA DO JACUÍPE (DIST CAMAÇARI)
211,BARRA DO MENDES
212,BARRA DO POJUCA (DIST CAMAÇARI)
213,BARRA DO RIACHÃO (RIACHÃO DAS NEVES)
214,BARRA DO ROCHA
215,BARRA DO TARRACHIL (DIST CHORROCHÓ)
216,BARRA GRANDE (POV MARAÚ)
217,BARRA GRANDE (VERA CRUZ)
218,BARRA NOVA (DIST BARRA DO CHOÇA)
219,BARRA NOVA (POV GUARATINGA)
220,BARRA VELHA (PORTO SEGURO)
221,BARRAGEM  (POV CASA NOVA)
222,BARRAJADO (APORÁ)
223,BARREIRAS
224,BARREIRO (POV CANAVIEIRAS)
225,BARRINHA (POV JAGUARARI)
226,BARRO ALTO
227,BARRO PRETO
228,BARRO VERMELHO (VEREDA)
230,BARROCAS
231,BARROLÂNDIA (DIST BELMONTE)
232,BATE-PÉ (DIST VITÓRIA DA CONQUISTA)
233,BATUQUE (POV VITÓRIA DA CONQUISTA)
234,BAZUA (POV SENTO SÉ)
235,BEIRA RIO (POV OLIVEIRA DOS BREJINHOS)
236,BELA VISTA (POV NOVA VIÇOSA)
237,BELÉM (DIST CACHOEIRA)
238,BELMONTE
239,BELO CAMPO
240,BELO CAMPO (POV LAPÃO)
241,BENDEGÓ (POV CANUDOS)
242,BENFICA (FAZ IPECAETÁ)
243,BICA DA SERRA (POV CAATIBA)
244,BIRIBEIRA (MATA DE SÃO JOÃO)
245,BIRITINGA
246,BOA ESPERANÇA (FAZ CAETANOS)
247,BOA ESPERANÇA (FAZ SANTALUZ)
248,BOA ESPERANÇA (POV LAPÃO)
249,BOA HORA (POV RIBEIRA DO AMPARO)
250,BOA NOVA
251,BOA SENTENÇA (POV RIO DE CONTAS)
252,BOA SORTE (FAZ ITACARÉ)
253,BOA UNIÃO (DIST ALAGOINHAS)
254,BOA VISTA DO TAPERA (POV ENCRUZILHADA)
255,BOA VISTA DO TUPIM
256,BOCA DA MATA (SALVADOR)
257,BOCA DO CÓRREGO (DIST BELMONTE)
258,BOIADEIRA (DIST SANTO ESTEVÃO)
259,BOLANDEIRA (POV AMÉLIA RODRIGUES)
260,BOM DESPACHO
261,BOM JARDIM (POV IBIQUERA)
262,BOM JESUS DA LAPA
263,BOM JESUS DA SERRA
265,BOM JESUS DOS POBRES (DIST SAUBARA)
266,BOM PRAZER (POV LAPÃO)
267,BONFIM (POV ITAPÉ)
268,BONFIM (FAZ ANAGÉ)
269,BONFIM DE MATA (DIST MATA DE SÃO JOÃO)
270,BONINAL
271,BONITO
272,BONZÃO I E II (LAPÃO)
273,BOQUEIRÃO  (POV JUAZEIRO)
274,BOQUIRA
275,BOTUPORÃ
276,BR101
277,BR110
278,BR242
279,BR324
280,BR415
281,BR522
282,BRAHMA (FAZ CAMAMU)
283,BRANCO (FAZ JEREMOABO)
284,BRASILEIRO (FAZ BARROCAS)
285,BRAVO (DIST SERRA PRETA)
286,BREJINHOS (POV BELMONTE)
287,BREJO DE FORA (POV SENTO SÉ)
288,BREJO GRANDE (POV JEREMOABO)
289,BREJO LUZIA DE BRITO (DIST NOVO HORIZONTE)
290,BREJÕES
291,BREJOLÂNDIA
292,BRIGA (FAZ SENTO SÉ)
293,BROTAS DE MACAÚBAS
294,BRUMADO
295,BUERAREMA
296,BURACÃO (POV BARREIRAS)
297,BURACICA (POV ALAGOINHAS)
298,BURANHÉM (DIST GUARATINGA)
299,BURAQUINHO (LAURO DE FREITAS)
300,BURI (FAZ ENTRE RIOS)
301,BURIETÁ (POV TEOLÂNDIA)
302,BURIL (POV CRISÓPOLIS)
303,BURIS (POV CAMAÇARI)
304,BURITIRAMA
305,BURITI-SECA (POV SÃO DESIDÉRIO)
306,CAATIBA
307,CABACEIRAS DO PARAGUAÇU
308,CABOTO (CANDEIAS)
309,CABRÁLIA (DIST PIATÃ)
310,CABUÇU (DIST SAUBARA)
311,CACHA PREGOS (DIST VERA CRUZ)
312,CACHOEIRA
313,CAÇÕES (POV JAGUARIPE)
314,CACULÉ
315,CAEM
316,CAETANOS
317,CAETITÉ
318,CAFARNAUM
319,CAFÉ GLÓRIA (FAZ TEIXEIRA DE FREITAS)
320,CAFÉ PEDRAS (CURAÇÁ)
321,CAFUNDÓ (POV ITAPITANGA)
322,CAIC (LAURO DE FREITAS)
323,CAÍPE (DIST CANDEIAS)
324,CAIRU
325,CAIRUÃ (FAZ UNA)
326,CAIUBI (DIST ITAPEBI)
327,CAIXA D´ÁGUA (POV IPIRÁ)
328,CAJAÍBA (DIST VALENÇA)
329,CAJUEIRO (POV IBICARAÍ)
330,CAJUEIRO (POV TUCANO)
331,CAJUÍTA (POV GUARATINGA)
332,CALÇADA - TERMINAL (SALVADOR)
333,CALDAS DO JORRO (DIST TUCANO)
334,CALDEIRÃO (DIST UAUÁ)
335,CALDEIRÃO (FAZ CAETANOS)
336,CALDEIRÃO (POV CAETANOS)
337,CALDEIRÃO (POV IBITITÁ)
338,CALDEIRÃO DA SERRA (CURAÇÁ)
339,CALDEIRÃO GRANDE
340,CAMACÃ
342,CAMAÇARI
343,CAMAMU
344,CAMASSANDI (DIST JAGUARIPE)
345,CAMPINAS (POV RIACHO DE SANTANA)
346,CAMPINHO (POV MARAÚ)
347,CAMPO ALEGRE DE LOURDES
348,CAMPO DE PEDRAS (ESPLANADA)
349,CAMPO DE PEDRAS (POV ESPLANADA)
350,CAMPO FORMOSO
351,CAMPO FORMOSO (POV VITÓRIA DA CONQUISTA)
352,CAMPO GRANDE (POV SÃO DESIDÉRIO)
353,CAMPO GRANDE (SALVADOR)
354,CANABRAVA (DIST MALHADA)
355,CANABRAVA (FAZ ALCOBAÇA)
356,CANÁPOLIS
357,CANARANA
358,CANAVIEIRAS
359,CANCHÉ (DIST JEREMOABO)
360,CANDEAL
361,CANDEIAS
362,CANDIBA
363,CÂNDIDO SALES
364,CANELA (FAZ LAPÃO)
365,CANSANÇÃO
366,CANTINHO (POV CRISTÓPOLIS)
367,CANTO (POV TEOFILÂNDIA)
368,CANUDOS
369,CAPÃO (DIST LAJE)
370,CAPELA DO ALTO ALEGRE
371,CAPIM DURO (POV BARRA DO MENDES)
372,CAPIM GROSSO
373,CAPIM GROSSO (POV GENTIO DO OURO)
374,CAPINADA (POV ANAGÉ)
375,CAPITÃO (FAZ ITACARÉ)
377,CAPIVARA (DIST ITABERABA)
378,CARAGUATAÍ (DIST JUSSIAPE)
379,CARAÍBA (POV CASA NOVA)
380,CARAÍBAS
381,CARAÍBAS (POV MACURURÉ)
382,CARAÍBAS (POV PARAMIRIM)
383,CARAÍVA (DIST PORTO SEGURO)
384,CARATACA (POV UAUÁ)
385,CARAVELAS
386,CARDEAL DA SILVA
387,CARDOSO (POV ITORORÓ)
388,CARINHANHA
389,CARIPARÉ (DIST RIACHÃO DAS NEVES)
390,CARNAÍBA DO SERTÃO (DIST JUAZEIRO)
391,CARNE ASSADA (POV SEABRA)
392,CARRAPICHEL (DIST SENHOR DO BONFIM)
393,CARRAPICHO (FAZ CAETANOS)
394,CARRETEIRO (ARATACA)
395,CARUARU (POV CORRENTINA)
396,CARURU (FÁTIMA)
397,CARURU (POV GLÓRIA)
398,CASA DE TELHA (POV RIO DE CONTAS)
399,CASA NOVA
400,CASAL I E II (LAPÃO)
401,CASCALHEIRA (CAMAÇARI)
402,CASCATA (FAZ AURELINO LEAL)
403,CASCATA (FAZ TEIXEIRA DE FREITAS)
404,CASCAVEL (DIST IBICOARA)
405,CASCUDO (POV SEABRA)
406,CASSANGE (SIMÕES FILHO)
407,CASTANHAL (FAZ SENTO SÉ)
408,CASTANHAL (RIO DO PIRES)
409,CASTRO ALVES
410,CATARINA (POV OUROLÂNDIA)
411,CATAVENTO (RIO REAL)
412,CATIBOABA (POV BRUMADO)
413,CATINGAL (DIST MANOEL VITORINO)
414,CATOLÂNDIA
415,CATU
416,CATU DE ABRANTES (LAURO DE FREITAS)
417,CATU GRANDE (POV ITAPICURU)
418,CATUABA (POV BONITO)
419,CATURAMA
420,CAUBI (POV MARAÚ)
421,CAVUNGE (DIST IPECAETÁ)
422,CEASA (SIMÕES FILHO)
423,CEDRO (POV BONINAL)
424,CÉLIO ALVES (CÂNDIDO SALES)
425,CENTRAL
426,CERAIMA (DIST GUANAMBI)
427,CERCA DE PEDRA (POV CURAÇÁ)
428,CERQUINHA (DIST IGAPORÃ)
429,CHAME CHAME (SALVADOR)
430,CHAPADA (POV RIACHÃO DO JACUÍPE)
431,CHAPADA (POV SERRINHA)
432,CHORROCHÓ
433,CIA - AEROPORTO
434,CIA (SIMÕES FILHO)
435,CÍCERO DANTAS
436,CINCO ESTRADAS (POV ENTRE RIOS)
437,CIPÓ
438,COARACI
439,COCA-COLA (ANDARAÍ)
440,COCÃO (IRECÊ)
441,COCOROBÓ (CANUDOS)
442,COCOS
443,COLÔNIA DO FORMOSO (POV CORIBE)
444,COLÔNIA DO UNA (UNA)
445,COMANDATUBA (POV UNA)
446,COMPLEXO BÁSICO (CAMAÇARI)
447,CONCEIÇÃO (POV IPIRÁ)
448,CONCEIÇÃO DA FEIRA
449,CONCEIÇÃO DE SALINAS (SALINAS DA MARGARIDA)
450,CONCEIÇÃO DO ALMEIDA
451,CONCEIÇÃO DO COITÉ
452,CONCEIÇÃO DO JACUÍPE
453,CONDE
454,CONDEÚBA
455,CONDOMÍNIO BETAVILLE (CAMAÇARI)
456,CONDOMÍNIO VIDA BELA (LAURO DE FREITAS)
457,CONQUISTA (POV OUROLÂNDIA)
458,CONTENDAS (JUAZEIRO)
459,CONTENDAS (POV MACAÚBAS)
460,CONTENDAS DO SINCORÁ
461,COPA 70 (IBIRAPITANGA)
462,COPIXABA (DIST XIQUE-XIQUE)
463,COQUEIRO (POV JUCURUÇU)
464,COQUEIROS (DIST MARAGOGIPE)
465,CORAÇÃO DE MARIA
466,CORDEIROS
467,CORÉIA (POV MASCOTE)
468,CORIBE
469,COROA VERMELHA (DIST SANTA CRUZ CABRÁLIA)
470,CORONEL JOÃO SÁ
471,CORRENTINA
472,CORTA FACÃO (POV LAPÃO)
473,CORTE DE PEDRA (DIST PRES TANCREDO NEVES)
474,CORTE DE PEDRA (DIST PRESIDENTE TANCREDO NEVES)
475,CORTE GRANDE (JACOBINA)
476,CORUMBAU (POV PRADO)
477,COSTA AZUL (SALVADOR)
478,COTEGIPE
479,COUTO (DIST ILHÉUS)
480,COVA DE DEFUNTO (POV CANDEIAS)
481,COVAS (POV ANGICAL)
482,CRAVEIRO (POV CAMAMU)
483,CRAVOLÂNDIA
484,CRISÓPOLIS
485,CRISTALÂNDIA (DIST BRUMADO)
486,CRISTÓPOLIS
487,CRUZ DAS ALMAS
489,CRUZEIRO DO SUL (POV VEREDA)
490,CUMURUXATIBA (DIST PRADO)
491,CURAÇÁ
492,CURRAL DE PEDRA (ABARÉ)
493,CURRAL FALSO (POV RIBEIRA DO POMBAL)
494,CURRALINHO (POV MATA DE SÃO JOÃO)
495,DANTILÂNDIA (DIST VITÓRIA DA CONQUISTA)
496,DÁRIO MEIRA
497,DIAS D'ÁVILA
498,DIOGO (POV MATA DE SÃO JOÃO)
499,DOM BASÍLIO
500,DOM JOÃO (DIST SÃO FRANCISCO DO CONDE)
501,DOM MACEDO COSTA
502,DONA MARCOLINA (APORÁ)
503,DONA MARIA (DIST OLINDINA)
504,DR ONILDO (FAZ BARRA DO CHOÇA)
505,DUAS BARRAS (POV PRADO)
506,DUAS BARRAS (POV SEABRA)
507,DUAS SERRAS (POV ANTAS)
508,DUQUE DE CAXIAS (CÍCERO DANTAS)
509,DUQUE DE CAXIAS (POV TEIXEIRA DE FREITAS)
510,EIXO URBANO CENTRAL (CAMAÇARI)
511,ELÍSIO MEDRADO
512,ELIZEU (POV LAPÃO)
513,ELVIRA (FAZ JUCURUÇU)
514,EMBAÚBA (FAZ EUNÁPOLIS)
515,EMBURRADO (POV IPIAÚ)
516,ENCARNAÇÃO (POV SALINAS DA MARGARIDA)
517,ENCRUZILHADA
518,ENGENHEIRO FRANÇA (DIST UBAÍRA)
519,ENGENHEIRO PONTES (DIST LAJE)
520,ENT ABADIA (DIST JANDAÍRA)
521,ENT ABÓBORA (JUAZEIRO)
522,ENT ACARACI (POV ITAGIBÁ)
523,ENT ACUPE (DIST SANTO AMARO)
524,ENT AGROVILA (SERRA DO RAMALHO)
525,ENT AGROVILA I (SERRA DO RAMALHO)
526,ENT AGROVILA II (SERRA DO RAMALHO)
527,ENT ALCOBAÇA
528,ENT ALIANÇA (AMÉLIA RODRIGUES)
530,ENT ANGELIM  (FAZ POTIRAGUÁ)
531,ENT ANGICAL
532,ENT ANGUERA
533,ENT ANTÔNIO CARDOSO
534,ENT ANTÔNIO GONÇALVES
535,ENT APORÁ
536,ENT ARATACA
537,ENT AREIAS (CAMAÇARI)
538,ENT AREMBEPE (DIST CAMAÇARI)
539,ENT ARRAIAL D AJUDA (DIST PORTO SEGURO)
540,ENT ASSENTAMENTOS AGRÁRIOS
542,ENTRONC BA084/BA403
543,ENT BA093
545,ENTRONC BA262/BA142
546,ENTRONC BA275/ BA001
547,ENT BAIANÓPOLIS
548,ENT BAIXIO (POV ESPLANADA)
549,ENT BAIXIOS (POV ESPLANADA)
550,ENT BANZAÊ
551,ENT BARCELONA (DIST MEDEIROS NETO)
552,ENT BARRA
553,ENT BARRA DA ESTIVA
554,ENT BARRA DO ITARIRI (DIST CONDE)
555,ENT BARRA DO JACUÍPE (CAMAÇARI)
556,ENT BARRA GRANDE (VERA CRUZ)
557,ENT BARRA NOVA (POV GUARATINGA)
558,ENT BARRINHA (POV CARINHANHA)
559,ENT BARRO BRANCO (PRADO)
560,ENT BARRO PRETO
561,ENT BATUQUE (POV VITÓRIA DA CONQUISTA)
562,ENT BAZUA (POV SENTO SÉ)
563,ENT BELO CAMPO
564,ENT BOA NOVA
565,ENT BOA UNIÃO (DIST ALAGOINHAS)
566,ENT BOA VISTA DO TUPIM
567,ENT BOM DESPACHO
569,ENT BOQUEIRÃO  (POV JUAZEIRO)
570,ENTRONC BR030/BA120
571,ENT BR101/EST BARRA NOVA
575,ENTRONC BR242/EST DUAS BARRAS
577,ENT BRAVO (DIST SERRA PRETA)
579,ENT BREJOLÂNDIA
580,ENT BROTAS DE MACAÚBAS
581,ENT CAATIBA
582,ENT CACHA PREGOS (DIST VERA CRUZ)
583,ENT CACHOEIRA
584,ENT CACHOEIRINHA (POV BOA NOVA)
585,ENT CAÇÕES (POV JAGUARIPE)
586,ENTRONC BR324/BA131
587,ENT CAFARNAUM
588,ENT CAMACÃ
589,ENT CAMAÇARI
590,ENT CAMASSANDI (DIST JAGUARIPE)
591,ENT CANDEIAS
592,ENT CAPANEMA (DIST MARAGOGIPE)
593,ENT CAPIANGA (POV ENTRE RIOS)
594,ENT CAPOEIRUÇU (POV CACHOEIRA)
595,ENT CARAÍBAS
596,ENT CARDEAL DA SILVA
597,ENT CASSILÂNDIA (POV ITAMBÉ)
598,ENT CASTELO NOVO (DIST ILHÉUS)
599,ENT CASTRO ALVES
600,ENT CATINGAL (DIST MANOEL VITORINO)
601,ENT CATU
602,ENT CEASA (SIMÕES FILHO)
603,ENT CHORROCHÓ
604,ENT COMANDATUBA (POV UNA)
605,ENT CONCEIÇÃO DA FEIRA
606,ENT CONCEIÇÃO DO ALMEIDA
607,ENT CONCEIÇÃO DO JACUÍPE
608,ENT CONDE
610,ENT CORDEIROS
611,ENT CRISÓPOLIS
612,ENT CRUZ DAS ALMAS
613,ENT DANTILÂNDIA (DIST VITÓRIA DA CONQUISTA)
614,ENT DE ICHU
615,ENT DE MATINHA (POV DE FEIRA DE SANTANA)
617,ENT DE TIQUARUÇU (DIST DE FEIRA DE SANTANA)
618,ENT DIAS D'ÁVILA
619,ENT DIST GAMELEIRA DA LAPA (SÍTIO DO MATO)
620,ENT DOM BASÍLIO
621,ENT DOM JOÃO (DIST SÃO FRANCISCO DO CONDE)
622,ENT DOM MACEDO COSTA
623,ENT DOS BORGES (MIGUEL CALMON)
624,ENT DUAS BARRAS (POV MORRO DO CHAPÉU)
625,ENT DUQUE DE CAXIAS (POV TEIXEIRA DE FREITAS)
626,ENT ELÍSIO MEDRADO
627,ENT ENCARNAÇÃO (POV SALINAS DA MARGARIDA)
628,ENT ESPLANADA
629,ENT FÁBRICA MONSANTO (CAMAÇARI)
630,ENT FAZ SANTO AMARO (ITAMARAJU)
631,ENT FAZ BEBEDOURO (CONCEIÇÃO DO ALMEIDA)
632,ENT FAZ SÃO JOSÉ (CONCEIÇÃO DO ALMEIDA)
633,ENT FEIRA NOVA (POV BROTAS DE MACAÚBAS)
634,ENT FLORESTAL (DIST JEQUIÉ)
635,ENT FRANÇA (POV PIRITIBA)
636,ENT GAMELEIRA DA LAPA (DIST SÍTIO DO MATO)
637,ENT GAROBA (IRARÁ)
638,ENT GEOLÂNDIA (DIST CABACEIRAS DO PARAGUAÇU)
639,ENT GLÓRIA
640,ENT GOIABEIRA (POV CONCEIÇÃO DO COITÉ)
642,ENT GUAIBIM (DIST VALENÇA)
643,ENT GUAIBIM (POV VALENÇA)
644,ENT GUAPIRA  (DIST MARAGOGIPE)
645,ENT HELIÓPOLIS
646,ENT HUMILDES (DIST FEIRA DE SANTANA)
647,ENT IAÇU
648,ENT IBIQUERA
649,ENT IBIRAPITANGA
650,ENT IBIRATAIA
651,ENT IBITIARA
652,ENT IBÓ (POV ABARÉ)
653,ENT ICHU
654,ENT ILHA DE SÃO JOÃO
656,ENT INÚBIA (DIST PIATÃ)
657,ENT IPUÇABA (DIST OLIVEIRA DOS BREJINHOS)
658,ENT IRAJUBA
659,ENT IRAMAIA
660,ENT IRAQUARA
661,ENT IRECÊ
662,ENT ITAGIMIRIM
663,ENT ITAGUAÇU DA BAHIA
664,ENT ITAIMBÉ  (POV POTIRAGUÁ)
665,ENT ITAJÚ DO COLÔNIA
666,ENT ITAJUÍPE
667,ENT ITAMBÉ
668,ENT ITAPARICA
669,ENT ITAPARICA / VERA CRUZ
670,ENT ITAPÉ
671,ENT ITAPEBI
672,ENT ITAPETINGUI (POV AMÉLIA RODRIGUES)
673,ENT ITAPITANGA
674,ENT ITAQUARA
675,ENT IUIÚ
677,ENT JAGUAQUARA
678,ENT JAGUARIPE
679,ENT JAÍBA (DIST FEIRA DE SANTANA)
680,ENT JANDAÍRA
681,ENT JAUÁ (CAMAÇARI)
682,ENT JIRIBATUBA (DIST VERA CRUZ)
683,ENT JUVENÍLIA (MINAS GERAIS)
684,ENT KM18
685,ENT LAÇOS (POV TANHAÇU)
686,ENT LAGOA REDONDA (POV ENTRE RIOS)
688,ENT LAJEDINHO
689,ENT LAMARÃO
690,ENT LAMARÃO DO PASSÉ (DIST SÃO SEBASTIÃO DO PASSÉ)
691,ENT LENÇÓIS
692,ENT LIMEIRA (DIST VITÓRIA DA CONQUISTA)
693,ENT LUSTOSA (DIST TEODORO SAMPAIO)
694,ENT MACARANI
695,ENT MAIQUINIQUE
696,ENT MARAÚ / BR030
697,ENT MARCIONÍLIO SOUZA
698,ENT MATA DE SÃO JOÃO
699,ENT MATINHA (POV FEIRA DE SANTANA)
700,ENT MERCÊS (POV SÃO GONÇALO DOS CAMPOS)
702,ENT MIRANGA (DIST POJUCA)
703,ENT MIRANGABA
704,ENT MONTE ALEGRE (POV GUARATINGA)
705,ENT MONTE GORDO (DIST CAMAÇARI)
706,ENT MONTE PASCOAL (POV ITABELA)
707,ENT MUCUGÊ
708,ENT MUCURI
709,ENT MUNDO NOVO
710,ENT MUNIZ FERREIRA
711,ENT MUQUÉM DO SÃO FRANCISCO
712,ENT MURITIBA
713,ENT MUTÁ (POV JAGUARIPE)
714,ENT NAGÉ (DIST MARAGOGIPE)
715,ENT NAZARÉ DO JACUÍPE (DIST SÃO SEBASTIÃO DO PASSÉ)
716,ENT NOVA AMÉRICA (FAZ POTIRAGUÁ)
717,ENT NOVA LÍDICE (DIST MEDEIROS NETO)
718,ENT NOVA VIÇOSA
719,ENT NOVO TRIUNFO
720,ENT NÚCLEO JK (POV MATA DE SÃO JOÃO)
721,ENT OLIVEIRA DOS BREJINHOS
722,ENT PAIAIÁ (POV SANTO ESTEVÃO)
723,ENT PAJEÚ DO VENTO (DIST CAETITÉ)
724,ENT PALAME (DIST ESPLANADA)
725,ENT PALMARES (POV ITAPETINGA)
726,ENT PALMEIRAS
727,ENT PALMEIRINHA (POV AIQUARA)
728,ENT PASSAGEM DOS TEIXEIRAS (POV CANDEIAS)
729,ENT PÉ DE SERRA
730,ENT PEDRA BRANCA (POV CURAÇÁ)
731,ENT PEDRÃO
732,ENT PEDREIRA CARANGI (SALVADOR)
733,ENT PILÕES (DIST CANDIBA)
734,ENT PIRAJÁ (POV ITAMARAJU)
735,ENT PIRITIBA
736,ENT PITANGUINHA (SIMÕES FILHO)
737,ENT POCINHOS (FAZ SÁTIRO DIAS)
738,ENT POÇO CENTRAL (DIST AURELINO LEAL)
739,ENT POJUCA
740,ENT PONTA DE AREIA (DIST CARAVELAS)
741,ENT PONTO NOVO
742,ENT PORTO NOVO (DIST SANTANA)
743,ENT PORTO SAUÍPE (POV ENTRE RIOS)
744,ENT POSTO DA MATA (DIST NOVA VIÇOSA)
745,ENT POV LAGOA REDONDA (POV ENTRE RIOS)
746,ENT PRADO
747,ENT PRAIA DO FORTE (POV MATA DE SÃO JOÃO)
748,ENT PRESIDENTE DUTRA
749,ENT PRESIDENTE JÂNIO QUADROS
750,ENT QUIXABEIRA
751,ENT REDENÇÃO
752,ENT RETIRO (DIST CORAÇÃO DE MARIA)
753,ENT RETIRO (FEIRA DE SANTANA)
754,ENT SALINAS DA MARGARIDA
755,ENT SANTA BRÍGIDA
756,ENT SANTA CRUZ DA VITÓRIA
757,ENT SANTA INÊS
758,ENT SANTA INÊS (KM85)
759,ENT SANTA MARIA ETERNA (POV BELMONTE)
760,ENT SANTANÓPOLIS (BA504 / BR116)
761,ENT SANTO AMARO
762,ENT SANTO AMARO (FAZ ITAMARAJU)
763,ENT SANTO ANTÔNIO (POV IRARÁ)
764,ENT SANTO ANTÔNIO (POV TEIXEIRA DE FREITAS)
765,ENT SANTO ANTÔNIO DE JESUS
766,ENT SANTO ESTEVÃO
767,ENT SANTO ESTEVÃO (POV SÃO FRANCISCO DO CONDE)
768,ENT SÃO GABRIEL
769,ENT SÃO GONÇALO DOS CAMPOS
770,ENT SÃO JOSÉ (DIST FEIRA DE SANTANA)
771,ENT SÃO JOSÉ AVENA (POV ITANAGRA)
772,ENT SÃO JOSÉ DE ITAPORÃ (DIST MURITIBA)
773,ENT SÃO JOSÉ DO PRADO (POV VEREDA)
774,ENT SÃO MIGUEL DAS MATAS
775,ENT SÃO PEDRO (DIST SANTA MARIA DA VITÓRIA)
776,ENT SÃO ROQUE
777,ENT SÃO SEBASTIÃO DO PASSÉ
778,ENT SÃO VICENTE (POV FEIRA DE SANTANA)
780,ENT SÁTIRO DIAS
781,ENT SAUÍPE (POV ENTRE RIOS)
782,ENT SERRA DO APORÁ (APORÁ)
783,ENT SERRA PRETA
784,ENT SERROLÂNDIA
785,ENT SILVÂNIA (POV CORRENTINA)
786,ENT SIMÕES FILHO
787,ENT SÍTIO DO MEIO (POV ENTRE RIOS)
788,ENT SÍTIO DO QUINTO
789,ENT SÍTIO NOVO (DIST CATU)
790,ENT SOBRADINHO
791,ENT SUBAÚMA (DIST ENTRE RIOS)
792,ENT SUMARÉ (POV PIRITIBA)
793,ENT SUSSUARANA (POV TANHAÇU)
794,ENT TABOCAS DO BREJO VELHO
795,ENT TABOQUINHAS (DIST ITACARÉ)
796,ENT TANHAÇU
798,ENT TANQUINHO (DIST FEIRA DE SANTANA)
800,ENT TEIXEIRA DE FREITAS
801,ENT TEOFILÂNDIA
802,ENT TIQUARUÇU (DIST FEIRA DE SANTANA)
803,ENT TORORÓ
804,ENT TREMEDAL
805,ENT URUÇUCA
806,ENT VALENÇA
807,ENT VENTANIA (POV ITAPEBI)
808,ENT VEREDINHA (DIST VITÓRIA DA CONQUISTA
809,ENT VIDA NOVA (LAURO DE FREITAS)
810,ENT VILA NOVA (BIRITINGA)
811,ENT VILA PEREIRA (GUARATINGA)
812,ENT VILAS DO ATLÂNTICO (LAURO DE FREITAS)
814,ENT ZUCA (POV BOA VISTA DO TUPIM)
815,ENTRE RIOS
816,ENTRONC BA001/BA570
817,ENTRONC BA001/BR030
818,ENTRONC BA052/BA424
819,ENTRONC BA052/BR122
820,ENTRONC BA093/BR101
821,ENTRONC BA093/BR324
822,ENTRONC BA110/BR101
823,ENTRONC BA130/BA670
824,ENTRONC BA148/BR242
825,ENTRONC BA156/BR242
826,ENTRONC BA233/BR110
827,ENTRONC BA263/BA265
828,ENTRONC BA396/BR101
829,ENTRONC BA522/BA523
830,ENTRONC BA522/BR324
831,ENTRONC BA534/BA001
832,ENTRONC BA647/BR330
833,ENTRONC BA882/BA001
834,ENTRONC BR030/BA936
835,ENTRONC BR101/BA022
836,ENTRONC BR101/BA233
837,ENTRONC BR101/BA670
838,ENTRONC BR101/BA683
839,ENTRONC BR101/BR110
840,ENTRONC BR101/BR324
841,ENTRONC BR101/BR330
842,ENTRONC BR101/BR420
843,ENTRONC BR110/BR101
844,ENTRONC BR110/BR324
845,ENTRONC BR116/BA210
846,ENTRONC BR116/BA245
847,ENTRONC BR116/BR242
848,ENTRONC BR116/BR324
849,ENTRONC BR122/BR242
850,ENTRONC BR135/BA451
851,ENTRONC BR166/BR324
852,ENTRONC BR242/BA156
853,ENTRONC BR242/BA161
854,ENTRONC BR242/BR122
855,ENTRONC BR251/BR101
856,ENTRONC BR324/BA093
857,ENTRONC BR324/BR101
858,ENTRONC BR324/BR220
859,ENTRONC BR330/BA026
860,ENTRONC BR330/BA130
861,ENTRONC BR349/BA161
862,ENTRONC SÁTIRO DIAS
863,ÉRICO CARDOSO
864,ESCOLA (PRADO)
865,ESPANTA GADO (POV QUEIMADAS)
866,ESPLANADA
867,ESPORA GATO (CARAVELAS)
868,ESTAÇÃO DE TRANSBORDO DA RODOVIÁRIA DE SALVADOR
869,ESTAÇÃO PERNAMBUÉS (SALVADOR)
870,ESTIVA (POV ITAPÉ)
871,ESTIVA (POV RIACHO DE SANTANA)
872,ESTIVA (POV VITÓRIA DA CONQUISTA)
873,ESTRADA DE CANDEIAS (SIMÕES FILHO)
874,ESTRADA DO COQUEIRO GRANDE (SALVADOR)
875,ESTRADA DO TRABALHADOR (LAURO DE FREITAS)
876,ESTRADA PETROBRÁS (ESPLANADA)
877,ESTRADA VELHA (BONFIM DE MATA)
878,ESTRADA VELHA AEROPORTO (SALVADOR)
879,ESTREITO (POV BARRA)
880,ESTREITO (POV URANDI)
881,EUCLIDES DA CUNHA
882,EUNÁPOLIS
883,EXPRAIADO (POV PALMAS DE MONTE ALEGRE)
884,FÁBRICA DA FORD (CAMAÇARI)
885,FÁBRICA SUZANO (MUCURI)
886,FÁBRICA VERACEL (BELMONTE)
887,FAISQUEIRA (DIST UBAITABA)
888,FARMÁCIA (POV HELIÓPOLIS)
889,FAROL (FAZ MUCURI)
890,FAROL DE ITAPUÃ (SALVADOR)
891,FÁTIMA
892,FAZ JACARÉ (RIBEIRÃO DO LARGO)
893,FAZ LAGOA (UNA)
894,FAZENDA GRANDE III (SALVADOR)
895,FEIRA DA MATA
896,FEIRA DE SANTANA
897,FEIRA DE SANTANA (CENTRO)
898,FEIRA DE SÃO JOAQUIM (SALVADOR)
899,FEIRA NOVA (POV BROTAS DE MACAÚBAS)
900,FERRADAS (DIST ITABUNA)
901,FILADÉLFIA
902,FIM DE LINHA DE JAUÁ (DIST CAMAÇARI)
903,FIM DE LINHA DE VILAS DO ATLÂNTICO - CLUBE (LAURO DE FREITAS)
904,FIRMINO ALVES
905,FIRMINO LEAL
906,FLAMENGO (POV JAGUARARI)
907,FLORESTA (POV LAPÃO)
908,FLORESTA AZUL
909,FLORESTAL (DIST JEQUIÉ)
910,FORMOSA (POV MACURURÉ)
911,FORMOSA DO RIO PRETO
912,FORNO (POV CONDE)
913,FORQUILHA (BURITIRAMA)
914,FRADES (JUAZEIRO)
915,FRANÇA (POV MIGUEL CALMON)
916,FRANCISCO SOUZA (POV CONTENDAS DO SINCORÁ)
917,GAMELEIRA (DIST BARRO ALTO)
918,GAMELEIRA (POV ANGICAL)
919,GAMELEIRA (POV BARREIRAS)
920,GAMELEIRA (POV SANTANA)
921,GAMELEIRA (POV VITÓRIA DA CONQUISTA)
922,GAMELEIRA (RIACHÃO DAS NEVES)
923,GAMELEIRA DA LAPA (DIST SÍTIO DO MATO)
924,GAMELEIRA DO ASSURUÁ (DIST GENTIO DO OURO)
925,GANDU
926,GARCIA (SALVADOR)
927,GASPARINO (POV CORONEL JOÃO SÁ)
928,GAVIÃO
929,GENTIO DO OURO
930,GEOLÂNDIA (DIST CABACEIRAS DO PARAGUAÇU)
931,GERMANO (PRADO)
932,GLÓRIA
933,GÓES CALMON (SIMÕES FILHO)
934,GOIABEIRA (POV CONCEIÇÃO DO COITÉ)
935,GONGOGI
936,GONZAGA (POV LAPÃO)
937,GOVERNADOR MANGABEIRA
938,GUAIBIM (DIST VALENÇA)
939,GUANAMBI
940,GUARAJUBA (CAMAÇARI)
941,GUARAJUBA (DIST CAMAÇARI)
942,GUARANI (POV PRADO)
943,GUARATINGA
944,GURUPÁ MIRIM (DIST POTIRAGUÁ)
945,HAVAÍ (FAZ ITAPEBI)
946,HELIÓPOLIS
947,HELVÉCIA (POV NOVA VIÇOSA)
948,HIDROLÂNDIA (DIST UIBAÍ)
949,HOSPITAL GERAL DE CAMAÇARI
950,HOSPITAL SARAH (SALVADOR)
951,HUMILDES (DIST FEIRA DE SANTANA)
952,IAÇU
953,IBIAÇU (DIST MARAÚ)
954,IBIAJARA (DIST RIO DO PIRES)
955,IBIAPABA (MATINA)
956,IBIASSUCÊ
957,IBICARAÍ
958,IBICOARA
959,IBICUÍ
960,IBIPEBA
961,IBIPETUM (DIST IPUPIARA)
962,IBIPITANGA
963,IBIQUERA
964,IBIRAPITANGA
965,IBIRAPOÃ
966,IBIRATAIA
967,IBITIARA
968,IBITIRA (DIST RIO DO ANTÔNIO)
969,IBITITÁ
970,IBITUNANE (DIST GENTIO DO OURO)
971,IBITUPÃ (DIST IBICUÍ)
972,IBÓ (POV ABARÉ)
973,IBOTIRAMA
974,ICHU
975,ICÓ (DIST MORRO DO CHAPÉU)
976,ICOZEIRA (FAZ JEREMOABO)
977,IGAPORÃ
978,IGARA (DIST SENHOR DO BONFIM)
979,IGARITÉ (DIST BARRA)
980,IGRAPIÚNA
981,IGREJA DE BOA VIAGEM (DIAS D'ÁVILA)
982,IGREJA VELHA (VALENÇA)
983,IGREJINHA (CARAVELAS)
984,IGUÁ (DIST VITÓRIA DA CONQUISTA)
985,IGUAÍ
986,ILHA (ANTÔNIO CARDOSO)
987,ILHA (POV CÍCERO DANTAS)
988,ILHA DE SÃO JOÃO (SIMÕES FILHO)
989,ILHÉUS
990,ILHÉUS (CENTRO)
991,ILHÉUS (TERMINAL URBANO)
992,IMBASSAÍ (POV MATA DE SÃO JOÃO)
993,INEMA (DIST ILHÉUS)
994,INHAMBUPE
995,INHAÚMAS (POV SANTA MARIA DA VITÓRIA)
996,INHOBIM (DIST VITÓRIA DA CONQUISTA)
997,IPANEMA (POV AMÉRICA DOURADA)
998,IPECAETÁ
999,IPIAÚ
1000,IPIRÁ
1001,IPIRAÍ (POV CAPELA DO ALTO ALEGRE)
1002,IPUPIARA
1003,IRAJUBA
1004,IRAMAIA
1005,IRAQUARA
1006,IRARÁ
1007,IRECÊ
1008,IRECEZINHO (POV LAPÃO)
1009,ÍSTICA (ERA NOVA POV CANAVIEIRAS)
1010,ITABATÃ (DIST MUCURI)
1011,ITABELA
1012,ITABERABA
1013,ITABUNA
1014,ITABUNA (CENTRO COMERCIAL)
1015,ITACARÉ
1016,ITAETÊ
1017,ITAGI
1018,ITAGIBÁ
1019,ITAGIMIRIM
1020,ITAGUAÇU DA BAHIA
1021,ITAIÁ (DIST FIRMINO ALVES)
1022,ITAIBA (POV ITABERABA)
1023,ITAIBÓ (DIST JEQUIÉ)
1024,ITAIGARA (SALVADOR)
1025,ITAIMBÉ (POV POTIRAGUÁ)
1026,ITAJAÍ (DIST NOVA CANAÃ)
1027,ITAJU DO COLÔNIA
1028,ITAJUBAQUARA (DIST GENTIO DO OURO)
1029,ITAJUÍPE
1030,ITAJURU (DIST JEQUIÉ)
1031,ITAMARAJU
1032,ITAMARATI (POV IBIRAPITANGA)
1033,ITAMARI
1034,ITAMBÉ
1036,ITAMIRA (DIST APORÁ)
1037,ITAMOTINGA (DIST COARACI)
1038,ITANAGÉ (DIST LIVRAMENTO DE NOSSA SENHORA)
1039,ITANAGRA
1040,ITANHÉM
1041,ITANHI (DIST JANDAÍRA)
1042,ITAPARICA (POV GLÓRIA)
1044,ITAPÉ
1045,ITAPEBI
1046,ITAPEMA (POV SANTO AMARO)
1047,ITAPETINGA
1048,ITAPICURU
1049,ITAPITANGA
1050,ITAPUÃ (SALVADOR)
1051,ITAQUARA
1052,ITARANTIM
1053,ITARIRI (ESPLANADA)
1054,ITATI (DIST ITORORÓ)
1055,ITATIAIA (DIST SÃO JOSÉ DO JACUÍPE)
1056,ITATIM
1057,ITATINGUI (DIST ARATACA)
1058,ITINGA - TERMINAL (LAURO DE FREITAS)
1059,ITINGA (LAURO DE FREITAS)
1060,ITIQUIRA (POV SANTA RITA DE CÁSSIA)
1061,ITIRUÇU
1062,ITIÚBA
1063,ITORORÓ
1064,ITUAÇU
1065,ITUBERÁ
1066,IUIÚ
1067,JABORANDI
1068,JACARACI
1069,JACARÉ (POV SÃO GONÇALO DOS CAMPOS)
1070,JACARECI (POV CAMACÃ)
1071,JACOBINA
1072,JACU (DIST TERRA NOVA)
1073,JAGUAQUARA
1074,JAGUARARI
1075,JAGUARIPE
1076,JAÍBA (DIST FEIRA DE SANTANA)
1077,JAMBEIRO (LAURO DE FREITAS)
1078,JANDAÍRA
1079,JAPU (POV ILHÉUS)
1080,JARDE (PRADO)
1081,JARDIM CAMPO VERDE (SIMÕES FILHO)
1082,JARDIM RENATÃO (SIMÕES FILHO)
1083,JATOBÁ (CAETITÉ)
1084,JAUÁ (POV CAMAÇARI)
1085,JAVI (POV MUQUÉM DO SÃO FRANCISCO)
1086,JAVI DE BIRITINGA (SÁTIRO DIAS)
1087,JENIPAPO (POV CASTRO ALVES)
1088,JENIPAPO (POV UBAÍRA)
1089,JEQUIÉ
1090,JEQUITIBÁ (MUNDO NOVO)
1091,JEREMOABO
1093,JIBÓIA (POV CARAÍBAS)
1094,JIBÓIA (POV RETIROLÂNDIA)
1095,JIQUIRIÇÁ
1096,JIRIBATUBA (DIST VERA CRUZ)
1097,JITAÚNA
1098,JOANICA (ALCOBAÇA)
1099,JOÃO AMARO (DIST IAÇU)
1100,JOÃO BATISTA (LAPÃO)
1101,JOÃO DOURADO
1102,JOÃO VAZ (POV RIO DE CONTAS)
1103,JÓIA DO ATLÂNTICO  (ILHÉUS)
1104,JORRINHO (POV TUCANO)
1105,JOSÉ GONÇALVES (DIST VITÓRIA DA CONQUISTA)
1106,JOSÉ JACINTO (FAZ ITAMBÉ)
1108,JOSÉ SOARES (UNA)
1109,JOSIAS (MEDEIROS NETO)
1110,JOVENTINO (PRADO)
1111,JUÁ (DIST BOM JESUS DA LAPA)
1112,JUÁ (POV JUAZEIRO)
1113,JUACEMA (POV JAGUARARI)
1115,JUAZEIRINHO (DIST CONCEIÇÃO DO COITÉ)
1116,JUAZEIRO
1117,JUAZEIRO (POV IBIRAPOÃ)
1118,JUCURUÇU
1119,JUERANA (DIST CARAVELAS)
1120,JUNCO (DIST JACOBINA)
1121,JUREMAL (DIST JUAZEIRO)
1122,JUSSARA
1123,JUSSARA (FAZ ARAÇÁS)
1124,JUSSARA (FAZ ITAMBÉ)
1126,JUSSARI
1127,JUSSIAPE
1128,KM 10 (TANQUINHO)
1129,SERRANA (DIST BREJÕES)
1130,KM 20 (MARAÚ)
1131,KM 50 (POV SANTO ESTEVÃO)
1132,KM 86
1133,LA BOAVENTURA (CONTENDAS DO SINCORÁ)
1134,LAÇOS (POV TANHAÇU)
1135,LADEIRA DA ITINGA (LAURO DE FREITAS)
1136,LAFAIETE COUTINHO
1137,LAGOA (FAZ COARACI)
1138,LAGOA (POV ALAGOINHAS)
1139,LAGOA BRANCA (POV INHAMBUPE)
1140,LAGOA D´ÁGUA (DIST ANAGÉ)
1141,LAGOA DA PEDRA (POV IBITITÁ)
1142,LAGOA DA ROSA (POV SÃO DESIDÉRIO)
1143,LAGOA D'ANTA (FAZ VITÓRIA DA CONQUISTA)
1144,LAGOA DE EMILIANO (LAPÃO)
1145,LAGOA DE GAUDÊNCIO (POV LAPÃO)
1146,LAGOA DO 33 (POV OUROLÂNDIA)
1147,LAGOA DO DIONÍSIO (POV IBITIARA)
1149,LAGOA DO MACAMBÁ (POV BONINAL)
1150,LAGOA DO MOCAMBO (POV BONINAL)
1151,LAGOA DO MULATINHO (FAZ VITÓRIA DA CONQUISTA)
1152,LAGOA DO OSCAR (POV TABOCAS DO BREJO VELHO)
1153,LAGOA DO PIRES (POV UAUÁ)
1154,LAGOA DOS BORGES (POV AMÉRICA DOURADA)
1155,LAGOA DOS PATOS (POV LAPÃO)
1156,LAGOA DOS PEREIRA (FAZ ANAGÉ)
1157,LAGOA GRANDE (DIST CÂNDIDO SALES)
1158,LAGOA JOSÉ LUIZ (POV VITÓRIA DA CONQUISTA)
1159,LAGOA NOVA (POV MORRO DO CHAPÉU)
1160,LAGOA PRETA (DIST TREMEDAL)
1161,LAGOA PRETA (POV PARIPIRANGA)
1162,LAGOA REAL
1163,LAGOA REDONDA (POV ENTRE RIOS)
1164,LAGOA REDONDA (POV ITAPICURU)
1165,LAGOA RICA (FAZ ANAGÉ)
1166,LAGOÃO (POV BONINAL)
1167,LAGOAS (FAZ CAETANOS)
1168,LAJE
1169,LAJE DO BANCO (DIST GONGOJI)
1170,LAJE DO BATATA (POV JACOBINA)
1171,LAJEADO (LAPÃO)
1172,LAJEDÃO
1173,LAJEDINHO
1174,LAJEDINHO (POV LAPÃO)
1175,LAJEDO (FAZ CASA NOVA)
1176,LAJEDO DO TABOCAL
1177,LAJEDO DOS PIMENTAS (POV LAPÃO)
1178,LAJEDO PAU D´ARCO (LAPÃO)
1179,LAMARÃO
1180,LAMARÃO (DIAS D'ÁVILA)
1181,LAMARÃO DO PASSÉ (DIST SÃO SEBASTIÃO DO PASSÉ)
1182,LAPÃO
1183,LAPINHA (POV IRAMAIA)
1184,LARGO (POV IRARÁ)
1185,LARGO DA CALÇADA (SALVADOR)
1186,LARGO DA SEREIA (SALVADOR)
1187,LARGO DE ITAPUÃ (SALVADOR)
1188,LARGO DO CARANGUEJO / ITINGA (LAURO DE FREITAS)
1189,LARGO DO CURTUME (SALVADOR)
1190,LARGO DO RETIRO (SALVADOR)
1191,LARGO DO TANQUE (SALVADOR)
1192,LAURO DE FREITAS - TERMINAL
1194,LEANDRINHO (DIAS D'ÁVILA)
1195,LENÇÓIS
1196,LICÍNIO DE ALMEIDA
1197,LIGAÇÃO LOBATO-PIRAJÁ (SALVADOR)
1198,LIMOEIRO (POV MUQUÉM DO SÃO FRANCISCO)
1199,LIVRAMENTO DE NOSSA SENHORA
1200,LOTEAMENTO CANTO DOS PÁSSAROS (CAMAÇARI)
1201,LOTEAMENTO MIRAGEM (LAURO DE FREITAS)
1202,LOURENÇO (POV LIVRAMENTO DE NOSSA SENHORA)
1203,LOURIVAL MAXIXE (FAZ ITARANTIM)
1204,LUCAIA (DIST PLANALTO)
1205,LUÍS EDUARDO MAGALHÃES
1206,LUSTOSA (DIST TEODORO SAMPAIO)
1207,MACACOS (POV LAPÃO)
1208,MACAJUBA
1209,MACARANI
1210,MACAÚBAS
1211,MACURURÉ
1212,MADRE DE DEUS
1213,MAETINGA
1214,MAGALHÃES (POV SÃO GONÇALO DOS CAMPOS)
1215,MAIQUINIQUE
1216,MAIRI
1217,MALHADA
1218,MALHADA (POV MATA DE SÃO JOÃO)
1219,MALHADA (RODELAS)
1220,MALHADA DE PEDRAS
1221,MALHADA GRANDE (DIST SANTA RITA DE CÁSSIA)
1222,MALHADINHA (POV FORMOSA DO RIO PRETO)
1223,MALHADINHA (POV REMANSO)
1224,MANDACARU (POV BELO CAMPO)
1225,MANGUINHA (POV MAIRI)
1226,MANOEL VITORINO
1227,MANSIDÃO
1228,MAPELE (SIMÕES FILHO)
1229,MARACÁS
1230,MARAGOGIPE
1231,MARAGOJIPINHO (DIST ARATUÍPE)
1232,MARAÚ
1233,MARAVILHA (POV CARDEAL DA SILVA)
1234,MARÇAL (VITÓRIA DA CONQUISTA)
1235,MARCIONÍLIO SOUZA
1236,MARCOLINO MOURA (DIST RIO DE CONTAS)
1237,MARÉ (POV CONDE)
1238,MARIA PRETA (POV CURAÇÁ)
1239,MASCOTE
1240,MASSÃO (SERRA DOURADA)
1241,MASSARANDUBA (POV VEREDA)
1242,MASSAROCA (DIST JUAZEIRO)
1243,MASSAROQUINHA  (POV JUAZEIRO)
1244,MATA DE SÃO JOÃO
1245,MATA DO PAJEÚ (FAZ ANGICAL)
1246,MATA ESCURA (ITAMBÉ)
1247,MATINA
1248,MATINHA DOS MENDES (POV SEABRA)
1249,MATO GROSSO (POV SERRINHA)
1250,MATOSA (ÁGUA FRIA)
1251,MAURÍLIA (BELMONTE)
1252,MEDEIROS NETO
1148,LAGOA DO GRAMA (CARAÍBAS)
1253,MENINO JESUS / COVA DE DEFUNTO (POV CANDEIAS)
1254,MERCÊS (POV SÃO GONÇALO DOS CAMPOS)
1255,MIGUEL CALMON
1256,MILAGRES
1257,MIMOSA (FAZ CAATIBA)
1258,MIMOSO (ENCRUZILHADA)
1259,MIMOSO (POV SÁTIRO DIAS)
1260,MINADOR (POV GUANAMBI)
1261,MINUIM (POV SANTA BRÍGIDA)
1262,MIRANGA (DIST POJUCA)
1263,MIRANGABA
1264,MIRANTE
1265,MISERICÓRDIA (ITAPARICA)
1266,MISSÃO DO ARICOBÉ (DIST ANGICAL)
1267,MISSÃO DO SAHY (POV SENHOR DO BONFIM)
1268,MISSÕES (DIST ANGICAL)
1269,MOCAMBO (DIST IBITIARA)
1270,MOENDA SECA (POV PRES TANCREDO NEVES)
1271,MOGIQUIÇABA (DIST BELMONTE)
1272,MONTE ALEGRE (POV GUARATINGA)
1273,MONTE ALEGRE (POV SANTA RITA DE CÁSSIA)
1274,MONTE ALTO (FAZ ANAGÉ)
1275,MONTE GORDO (DIST CAMAÇARI)
1276,MONTE PASCOAL (POV ITABELA)
1277,MONTE SANTO
1278,MONTINHO (POV ITABELA)
1279,MORPARÁ
1280,MORRINHO (CAMAÇARI)
1281,MORRINHOS (FAZ LAPÃO)
1282,MORRO DE SÃO PAULO (CAIRÚ)
1284,MORRO DO CHAPÉU
1285,MORRO GRANDE (POV LAPÃO)
1286,MORRO VERDE (FAZ JEQUIÉ)
1287,MORTUGABA
1288,MOSQUITO (POV LAPÃO)
1289,MUCAMBO (CORONEL JOÃO SÁ)
1290,MUCUGÊ
1291,MUCURI
1292,MULUNGU DO MORRO
1293,MUNDO NOVO
1294,MUNDO NOVO (POV CURAÇÁ)
1295,MUNDO NOVO (POV EUNÁPOLIS)
1296,MUNIZ FERREIRA
1297,MUQUÉM DO SÃO FRANCISCO
1298,MURITIBA
1299,MUTÁ (POV JAGUARIPE)
1300,MUTAMBA (POV SÃO DESIDÉRIO)
1301,MUTANS (DIST GUANAMBI)
1302,MUTIRÃO (CORAÇÃO DE MARIA)
1303,MUTUÍPE
1304,MUTUNS (POV ITABUNA)
1305,NADO (POV SÃO DESIDÉRIO)
1306,NAGÉ (DIST MARAGOGIPE)
1307,NAZARÉ
1308,NAZARÉ DO JACUÍPE (DIST SÃO SEBASTIÃO DO PASSÉ)
1309,NILO PEÇANHA
1310,NORDESTINA
1311,NOVA ALEGRIA (POV ITAMARAJU)
1312,NOVA BRASÍLIA (DIST RIBEIRÃO DO LARGO)
1313,NOVA CANAÃ
1314,NOVA COLINA (DIST BONINAL)
1315,NOVA CONQUISTA (FAZ SANTO AMARO)
1316,NOVA DIAS D'ÁVILA (DIAS D'ÁVILA)
1317,NOVA ERA (FAZ MUCURI)
1318,NOVA ESPERANÇA (FAZ CARAVELAS)
1319,NOVA ESPERANÇA (FAZ JEREMOABO)
1320,NOVA FÁTIMA
1321,NOVA IBIÁ
1322,NOVA ITAÍPE (DIST PLANALTINO)
1323,NOVA ITARANA
1324,NOVA LÍDICE (DIST MEDEIROS NETO)
1325,NOVA PITANGUINHA (SIMÕES FILHO)
1326,NOVA REDENÇÃO
1327,NOVA SANTANA (CASA NOVA)
1328,NOVA SOURE
1329,NOVA TERRA (FAZ COTEGIPE)
1330,NOVA VIÇOSA
1331,NOVA VISTA (DIST ANDARAÍ)
1332,NOVENTA (NOVA FÁTIMA)
1333,NOVO ACHADO (OUROLÂNDIA)
1334,NOVO ACRE (DIST IRAMAIA)
1335,NOVO DESTINO (POV ALCOBAÇA)
1336,NOVO HORIZONTE
1337,NOVO ORIENTE (POV VITÓRIA DA CONQUISTA)
1338,NOVO RISO (FAZ CANUDOS)
1339,NOVO TRIUNFO
1340,NOVOPAN (MATA DE SÃO JOÃO)
1341,NÚCLEO JK (POV MATA DE SÃO JOÃO)
1342,OLARIAS (MEDEIROS NETO)
1343,OLHOS D´ÁGUA (FAZ MATINA)
1344,OLHOS D´ÁGUA (FAZ POÇÕES)
1345,OLHOS D'ÁGUA (POV ARAMARI)
1346,OLHOS D'ÁGUA (POV BARRA DO MENDES)
1347,OLHOS D'ÁGUA (POV GLÓRIA)
1348,OLHOS D'ÁGUA (POV WANDERLEY)
1349,OLHOS D'ÁGUA (RODELAS)
1350,OLHOS D'ÁGUA DO SECO (DIST IBITIARA)
1351,OLINDINA
1352,OLIVEIRA DOS BREJINHOS
1353,OLIVEIRA DOS CAMPINHOS (DIST SANTO AMARO)
1354,OLIVENÇA (DIST ILHÉUS)
1356,OLVEBASA (BARREIRAS)
1357,ONDINA (SALVADOR)
1358,OPALMA (POV CACHOEIRA)
1359,ORICÓ (POV UBAITABA)
1360,OROJÓ (POV CAMAMU)
1361,OURICANA (DIST CANAVIEIRAS)
1362,OURIÇANGAS
1363,OURICURI DO OURO (DIST BROTAS DE MACAÚBAS)
1364,OURIVES (POV TANHAÇU)
1365,OUROLÂNDIA
1366,OUTLET PREMIUM SALVADOR (CAMAÇARI)
1367,PAIAIÁ (DIST SANTO ESTEVÃO)
1368,PAIAIÁ (POV NOVA SOURE)
1369,PAJEÚ DO VENTO (DIST CAETITÉ)
1370,PALAME (DIST ESPLANADA)
1371,PALESTINA (BURITIRAMA)
1372,PALESTINA (FAZ MASCOTE)
1373,PALHA (TEIXEIRA DE FREITAS)
1374,PALMARES (POV ITAPETINGA)
1375,PALMAS DE MONTE ALTO
1376,PALMEIRA (POV WENCESLAU GUIMARÃES)
1377,PALMEIRAS
1378,PALMEIRAS (FAZ ITAPETINGA)
1379,PALMEIRINHA (POV AIQUARA)
1380,PALMIRA (DIST ITAJU DO COLÔNIA)
1381,PANCADÃO (POV LAGOA REAL)
1382,PANELINHA (DIST CAMACÃ)
1383,PANTONILIA (IBITITÁ)
1384,PAPAGAIO (POV CASA NOVA)
1385,PARAFUSO (DIST CAMAÇARI)
1386,PARAGEM (MARAÚ)
1387,PARAGUAÇU (POV RAFAEL JAMBEIRO)
1388,PARAÍSO (DIST JACOBINA)
1389,PARAÍSO (DIST MASCOTE)
1390,PARAÍSO (DIST RUY BARBOSA)
1391,PARAMIRIM
1392,PARAMIRIM (POV SÃO FRANCISCO DO CONDE)
1393,PARATINGA
1394,PARIPIRANGA
1395,PARQUE SANTA RITA (LAURO DE FREITAS)
1396,PARQUE SÃO PAULO (LAURO DE FREITAS)
1397,PASSAGEM DOS TEIXEIRAS (POV CANDEIAS)
1398,PASSAGINHA (POV IPIRÁ)
1399,PASSÉ (DIST CANDEIAS)
1400,PATAÍBA (DIST ÁGUA FRIA)
1401,PATI (JAGUAQUARA)
1402,PATIOBA (POV MEDEIROS NETO)
1403,PATRIMÔNIO (POV PEDRÃO)
1404,PAU BRASIL
1405,PAU D' ALHO (POV ITAMARAJU)
1406,PAU DE GARRAFA (ALCOBAÇA)
1407,PAU GRANDE (POV UBAITABA)
1408,PAU LAVRADO (POV CATU)
1409,PAU SANGUE (FAZ ITARANTIM)
1411,PAULO AFONSO
1412,PAZ DO SALOBRO (DIST CANARANA)
1413,PÉ DE SERRA
1414,PÉ DE SERRA (POV MARACÁS)
1415,PEDRA ALTA (POV ARACI)
1416,PEDRA BRANCA (DIST SANTO ESTEVÃO)
1417,PEDRA BRANCA (POV CURAÇÁ)
1418,PEDRA D' ÁGUA ( (POV ALCOBAÇA)
1419,PEDRA DE CAL (POV RIACHÃO DAS NEVES)
1420,PEDRA GINO (IBITITÁ)
1421,PEDRA GRANDE (FAZ ITAMARAJU)
1422,PEDRA MELADA (MANOEL VITORINO)
1423,PEDRA PRETA (FAZ ANAGÉ)
1424,PEDRÃO
1425,PEDRAS (POV BAIXA GRANDE)
1426,PEDRAS (POV SANTO AMARO)
1427,PEDRAS ALTAS (POV CAPIM GROSSO)
1428,PEDRO ALEXANDRE
1429,PEDRO BAIO (CAMACÃ)
1430,PENEDO (POV RODELAS)
1431,PEREIRA (DIST SANTALUZ)
1432,PERELÂNDIA (POV CANAVIEIRAS)
1433,PERIPERI  (FAZ JUAZEIRO)
1434,PETROLÂNDIA (POV BELMONTE)
1435,PETROLÂNDIA (POV PETROLÂNDIA)
1436,PIATÃ
1437,PIAUS (POV ITIÚBA)
1438,PIÇARRÃO (DIST SENTO SÉ)
1439,PILÃO ARCADO
1440,PILAR (DIST JAGUARARI)
1441,PILÕES (DIST CANDIBA)
1442,PIMENTA (DIST MASCOTE)
1443,PIMENTEIRA (DIST ILHÉUS)
1444,PIMENTEIRA (POV CANAVIEIRAS)
1445,PINARÉ (POV CAMAMU)
1446,PINDAÍ
1447,PINDOBAÇU
1448,PINDORAMA (DIST IUIU)
1449,PINDORAMA (POV PORTO SEGURO)
1450,PINGA FOGO (POV PALMAS DE MONTE ALTO)
1451,PINHÕES (DIST JUAZEIRO)
1452,PINHÕES (POV EUCLIDES DA CUNHA)
1453,PIRAÍ DO NORTE
1454,PIRAJÁ (POV ITAMARAJU)
1455,PIRAJI (POV ITAMARAJU)
1456,PIRAJIBA (POV MUQUÉM DO SÃO FRANCISCO)
1457,PIRÍ (DIST SENTO SÉ)
1458,PIRIPÁ
1459,PIRITIBA
1460,PITANGA DE PALMARES (ACESSO)
1461,PITANGUINHA (SIMÕES FILHO)
1462,PITUBA (DIST GENTIO DO OURO)
1463,PLACAS (POV BARREIRAS)
1464,PLANALTINO
1465,PLANALTO
1466,POÇO (ANTÔNIO CARDOSO)
1467,POÇO CENTRAL (DIST AURELINO LEAL)
1468,POÇO DE FORA (DIST CURAÇÁ)
1469,POÇO GRANDE  (POV ARACI)
1470,POÇÕES
1471,POÇÕES (FAZ IPECAETÁ)
1472,POÇÕES (MATINA)
1473,POJUCA
1474,PÓLO PETROQUÍMICO (CAMAÇARI)
1475,PONTA DA TULHA (POV ILHÉUS)
1476,PONTA DE AREIA (DIST CARAVELAS)
1477,PONTA DO RAMO (POV ILHÉUS)
1478,PONTE (NOVA VIÇOSA)
1479,PONTE DO RIO (BA130)
1480,PONTE DO RIO JACUMIRIM
1481,PONTE PARAMIRIM (OLIVEIRA DOS BREJINHOS)
1482,PONTE RIO PARDO (POTIRAGUÁ) 
1483,PONTE VELHA (POV CORRENTINA)
1484,PONTO CENTRAL (SANTA CRUZ CABRÁLIA)
1485,PONTO CERTO (POV SANTANA)
1486,PONTO DA COALHADA (VITÓRIA DA CONQUISTA)
1487,PONTO DA VENDA (ITAPETINGA)
1488,PONTO DE EUGÊNIO (SANTANÓPOLIS)
1489,PONTO DO ASTÉRIO (POV FIRMINO ALVES)
1490,PONTO DO ELISEU (UNA)
1491,PONTO DO LIRA (SANTA CRUZ DA VITÓRIA)
1492,PONTO NOVO
1493,PORTÃO - TERMINAL TURÍSTICO (LAURO DE FREITAS)
1494,PORTÃO (LAURO DE FREITAS)
1495,PORTEIRA (SERRA DOURADA)
1496,PORTO FELIZ (POV PIRITIBA)
1497,PORTO FERROLHO (SÃO FRANCISCO DO CONDE)
1498,PORTO NOVO (DIST SANTANA)
1499,PORTO SAUÍPE (DIST ENTRE RIOS)
1500,PORTO SEGURO
1501,PORTO SEGURO (CENTRO)
1502,POSTO CENTRAL (EUNÁPOLIS)
1503,POSTO CERRADÃO (BARREIRAS)
1504,POSTO DA MATA (DIST NOVA VIÇOSA)
1505,POSTO ROSÁRIO (CORRENTINA)
1506,POSTO JK (LAJEDINHO)
1507,POSTO PIONEIRO (SÃO DESIDÉRIO)
1508,POSTO ROYAL (SÃO DESIDÉRIO)
1509,POSTO SANTIAGO (CAMAÇARI)
1510,POSTO SANTO ANTÔNIO (ITAJUÍPE)
1511,POSTO SANTO ANTÔNIO (URUÇUCA)
1512,POSTO SÃO LUIZ (CONCEIÇÃO DO JACUÍPE)
1513,POSTO SÃO LUIZ (SANTO AMARO)
1514,POSTO SÃO PEDRO (CORRENTINA)
1515,POSTO SERTANEJO (BARREIRAS)
1516,POSTO TABULEIRO DA BAIANA (VITÓRIA DA CONQUISTA)
1517,POSTO TURBO (VITÓRIA DA CONQUISTA)
1518,POTIRAGUÁ
1519,POUSO ALEGRE (POV ALCOBAÇA)
1520,POV SANTA TEREZINHA (POV JITAÚNA)
1521,POXIM DO SUL (DIST CANAVIEIRAS)
1522,PRAÇA (FAZ UAUÁ)
1523,PRAÇA ABRANTES (CAMAÇARI)
1524,PRAÇA ACM (DIAS D'ÁVILA)
1525,PRAÇA AREIA BRANCA (LAURO DE FREITAS)
1526,PRAÇA DA ARCANJA (LAURO DE FREITAS)
1527,PRAÇA DA BANDEIRA (SIMÕES FILHO)
1528,PRAÇA DA MATRIZ (LAURO DE FREITAS)
1529,PRAÇA DA MATRIZ (LUSTOSA)
1530,PRAÇA DA PREFEITURA (SIMÕES FILHO)
1531,PRAÇA DA SÉ (SALVADOR)
1532,PRAÇA DO SOL (CAMAÇARI)
1533,PRAÇA DR GUALBERTO (CANDEIAS)
1534,PRAÇA MARIO BATISTA (CAMACÃ)
1535,PRAÇA MONTENEGRO (CAMAÇARI)
1536,PRAÇA TIRADENTES (CANDEIAS)
1537,PRADO
1538,PRADOSO (DIST VITÓRIA DA CONQUISTA)
1539,PRAIA DE IPITANGA (LAURO DE FREITAS)
1540,PRAIA DO FLAMENGO - FIM DE LINHA
1541,PRAIA DO FLAMENGO (SALVADOR)
1542,PRAIA DO FORTE (POV MATA DE SÃO JOÃO)
1543,PRATA (POV ITAMARAJU)
1544,PRATAS (POV ARATACA)
1545,PRATOS FINOS (POV BARRA)
1546,PRESIDENTE JÂNIO QUADROS
1547,PRESIDENTE TANCREDO NEVES
1548,PROJETO PEDRA BRANCA (POV CURAÇÁ)
1549,PROJETO PURIFICAÇÃO E SÃO MIGUEL (SANTA CRUZ CABRÁLIA)
1550,PROVISÃO (POV JEQUIÉ)
1551,PUXIM DO SUL (DIST CANAVIEIRAS)
1552,QUARAÇU (DIST CÂNDIDO SALES)
1553,QUARENTA (POV SANTA BRÍGIDA)
1554,QUEIMADA (TRANCOSO)
1555,QUEIMADA NOVA (POV OLIVEIRA DOS BREJINHOS)
1556,QUEIMADAS
1557,QUEIMADAS (POV IRECÊ)
1558,QUEIMADINHAS (POV MARCIONÍLIO SOUZA)
1559,QUIJINGUE
1560,QUIXABA (FAZ JEQUIÉ)
1561,QUIXABA (POV SENTO SÉ)
1562,QUIXABEIRA
1563,QUIXABEIRA (POV GOVERNADOR MANGABEIRA)
1564,QUIXABEIRINHA (POV NOVA SOURE)
1565,RAFAEL JAMBEIRO
1567,RAIZ (POV ESPLANADA)
1568,RANCHO ALEGRE (POV CARAVELAS)
1569,RANCHO ALEGRE (POV CASA NOVA)
1570,RANCHO DA LUA (NOVA VIÇOSA)
1571,RASO (POV NOVA SOURE)
1572,REMANSO
1573,REPARTIMENTO (POV BUERAREMA)
1574,REPRESA (POV CANÁPOLIS)
1575,RESIDÊNCIA (POV ANDARAÍ)
1576,RESIDENCIAL BRISAS DE ITINGA (LAURO DE FREITAS)
1578,RESIDENCIAL CAMINHO DO MAR (CAMAÇARI)
1579,RESIDENCIAL CAMINHO DO RIO (CAMAÇARI)
1580,RESIDENCIAL DONA LINDÚ (LAURO DE FREITAS)
1581,RESIDENCIAL MAR DE ABRANTES (CAMAÇARI)
1582,RESIDENCIAL RECANTO DE ABRANTES (CAMAÇARI)
1583,RETIRO (DIST CORAÇÃO DE MARIA)
1584,RETIROLÂNDIA
1586,RETORNO PORTÃO (LAURO DE FREITAS)
1587,RIACHÃO (FAZ IBIRAPITANGA)
1588,RIACHÃO (POV SERRA DOURADA)
1589,RIACHÃO DAS NEVES
1590,RIACHÃO DO JACUÍPE
1591,RIACHÃO DO UTINGA (DIST UTINGA)
1592,RIACHINHO (FAZ PILÃO ARCADO)
1593,RIACHINHO (POV BARREIRAS)
1594,RIACHO (POV PAULO AFONSO)
1595,RIACHO (POV VÁRZEA NOVA)
1596,RIACHO DA GUIA (DIST ALAGOINHAS)
1597,RIACHO DA ONÇA (POV QUEIMADAS)
1598,RIACHO DANTAS (POV TANHAÇU)
1599,RIACHO DE PEDRAS (POV UAUÁ)
1600,RIACHO DE SANTANA
1601,RIACHO DOS PAES (POV SENTO SÉ)
1602,RIACHO QUEIMADO (ALCOBAÇA)
1603,RIACHO SECO (DIST CURAÇÁ)
1604,RIBEIRA DO AMPARO
1605,RIBEIRA DO POMBAL
1606,RIBEIRÃO DO LARGO
1607,RIO ABAIXO (POV LAGOA REAL)
1608,RIO BRANCO (POV ARATACA)
1609,RIO BRANCO (POV RIACHÃO DAS NEVES)
1610,RIO CRISTOVÃO COLOMBO (CAMAÇARI)
1611,RIO DA SERRA (UNA)
1612,RIO DE CONTAS
1613,RIO DE PEDRAS (UAUÁ)
1614,RIO DO ANTÔNIO
1615,RIO DO BRAÇO (DIST ILHÉUS)
1616,RIO DO MEIO (DIST ITORORÓ)
1617,RIO DO PIRES
1618,RIO DO SUL (DIST PRADO)
1619,RIO FUNDO (DIST TERRA NOVA)
1620,RIO PARDO (CAMACÃ)
1621,RIO REAL
1622,RIO UNA (CATU)
1623,RIO VERDE (POV ITAGUAÇU DA BAHIA)
1624,RIO VERMELHO (SALVADOR)
1625,ROÇADOS (POV BRUMADO)
1626,RODA D' ÁGUA (FAZ IBIRAPOÃ)
1627,RODA VELHA (POV SÃO DESIDÉRIO)
1628,RODAGEM (POV LAPÃO)
1629,RODELAS
1630,ROSEIRA (POV VITÓRIA DA CONQUISTA)
1631,ROTATÓRIA DA MONSANTO
1632,ROTATÓRIA DO PÓLO (CAMAÇARI)
1633,RÓTULA CIA/CEASA (SIMÕES FILHO)
1634,RÓTULA DA CELULOSE (CAMAÇARI)
1635,RÓTULA DA FEIRINHA (SALVADOR)
1636,RÓTULA DO PÓLO /  POSTO TREVO (CAMAÇARI)
1637,RUA A (LAURO DE FREITAS)
1638,RUA ADEMAR DE BARROS (SALVADOR)
1639,RUA ALFA / BETA / GAMA (CAMAÇARI)
1640,RUA ALMIRANTE TAMANDARÉ (SALVADOR)
1641,RUA ANTÔNIO LEITÃO (MADRE DE DEUS)
1642,RUA ARISTIDES MILTON (SALVADOR)
1643,RUA BAHIA (CAMACÃ)
1644,RUA BENZENO (CAMAÇARI)
1645,RUA COMENDADOR FRANCISCO PEDREIRA / CHAME-CHAME (SALVADOR)
1646,RUA COMENDADOR TEIXEIRA DE FREITAS (CANDEIAS)
1647,RUA CONSELHEIRO JUNQUEIRA (ALAGOINHAS)
1648,RUA COSTA PINTO (CAMAÇARI)
1649,RUA CRISTOVÃO COLOMBO (CAMAÇARI)
1650,RUA DA AREIA (CAMAÇARI)
1651,RUA DA CACHOEIRA (CANDEIAS)
1652,RUA DA ESCOLA (CANDEIAS)
1653,RUA DA JAQUEIRA (LAURO DE FREITAS)
1654,RUA DA MANGUEIRA (CAMAÇARI)
1655,RUA DA NATIVIDADE (CAMAÇARI)
1656,RUA DIRETA DE JAUÁ (CAMAÇARI)
1657,RUA DIRETA DO CAPELÃO (LAURO DE FREITAS)
1658,RUA DO COLÉGIO (CAMAÇARI)
1659,RUA DO IMPERADOR (SALVADOR)
1660,RUA DO RAFAEL (CAMAÇARI)
1661,RUA DOS PIONEIROS (CAMACÃ)
1662,RUA DR GERINO DE SOUZA FILHO (LAURO DE FREITAS)
1663,RUA ETENO (CAMAÇARI)
1664,RUA EVERALDO FIGUEIREDO DOS ANJOS (CAMACÃ)
1665,RUA GETÚLIO VARGAS (CANDEIAS)
1666,RUA HIDROGÊNIO (CAMAÇARI)
1667,RUA ITABUNA (CAMACÃ)
1668,RUA J VIANA SAMPAIO (DIAS D'ÁVILA)
1669,RUA JJ SEABRA (SALVADOR)
1670,RUA JOÃO ARCANJO DE OLIVEIRA (LAURO DE FREITAS)
1671,RUA JOÃO GOMES / RIO VERMELHO (SALVADOR)
1672,RUA JOÃO ÚRSULO (CAMAÇARI)
1673,RUA LUIZ MARIA (SALVADOR)
1674,RUA MARECHAL FLORIANO PEIXOTO (CAMAÇARI)
1675,RUA OXIGÊNIO (CAMAÇARI)
1676,RUA PADRE ANTÔNIO DE SÁ (SALVADOR)
1677,RUA PADRE EMILE WAGNER (SIMÕES FILHO)
1678,RUA PADRE FEIJÓ (SALVADOR)
1679,RUA PELICANO (LAURO DE FREITAS)
1680,RUA PERNAMBUCO (SALVADOR)
1681,RUA POLITEAMA (SALVADOR)
1682,RUA PRAIA DE COPACABANA (LAURO DE FREITAS)
1683,RUA PRAIA DE GUARAPARI (LAURO DE FREITAS)
1684,RUA PRAIA DE GUARUJÁ (LAURO DE FREITAS)
1685,RUA PRAIA DE ITAMARACÁ (LAURO DE FREITAS)
1686,RUA PRAIA DE ITAPOAN (LAURO DE FREITAS)
1687,RUA PRAIA DE ITAPUÃ (LAURO DE FREITAS)
1688,RUA PRAIA DE PAJUÇARA (LAURO DE FREITAS)
1689,RUA PRAIA DE TRAMANDAÍ (LAURO DE FREITAS)
1690,RUA PRINCIPAL AREIA BRANCA (LAURO DE FREITAS)
1691,RUA QUEIRA DEUS (LAURO DE FREITAS)
1692,RUA RIO DA CUNHA (CANDEIAS)
1693,RUA ROÇA GRANDE (CANDEIAS)
1694,RUA SANTO ANTÔNIO (LAURO DE FREITAS)
1695,RUA SÃO CRISTÓVÃO DE IPITANGA / ITINGA (LAURO DE FREITAS)
1696,RUA SUCUPIÓ (CAMAÇARI)
1697,RUA VIEIRA MELO - ABRANTES (CAMAÇARI)
1698,RUA VOLUNTÁRIOS DA PÁTRIA (CANDEIAS)
1699,RUMO (POV ITAETÊ)
1700,RUY BARBOSA
1701,SACO DA ONÇA (POV LICÍNIO DE ALMEIDA)
1702,SACO DE CAPIM (IRARÁ)
1703,SALAMIN (POV SERROLÂNDIA)
1704,SALGADA (POV LAPÃO)
1705,SALGADÁLIA (DIST CONCEIÇÃO DO COITÉ)
1706,SALINAS (POV ABARÉ)
1707,SALINAS DA MARGARIDA
1708,SALITRE (DIST JUAZEIRO)
1709,SALOBRINHO (POV ILHÉUS)
1710,SALOBRO (POV CURAÇÁ)
1711,SALOMÉIA (POV IBICARAÍ)
1712,SALVADOR
1713,SALVADOR (SÃO JOAQUIM)
1714,SALVADOR (TTNB)
1715,SAMBAÍBA (POV ITAPICURU)
1716,SAMBAMBAIA  (MARAGOGIPE)
1717,SANTA BÁRBARA
1718,SANTA BRÍGIDA
1719,SANTA CRUZ (FAZ AURELINO LEAL)
1720,SANTA CRUZ (FAZ ITAJUÍPE)
1721,SANTA CRUZ (LUÍS EDUARDO MAGALHÃES)
1722,SANTA CRUZ CABRÁLIA
1723,SANTA CRUZ CABRÁLIA (BALSA)
1724,SANTA CRUZ DA VITÓRIA
1725,SANTA FÉ (FAZ BARRA DO CHOÇA)
1726,SANTA INÊS
1727,SANTA ISABEL (FAZ ITABERABA)
1728,SANTA LUZIA
1729,SANTA LUZIA (POV ANGICAL)
1730,SANTA MARIA (FAZ EUNÁPOLIS)
1731,SANTA MARIA DA VITÓRIA
1732,SANTA MARIA ETERNA (POV BELMONTE)
1733,SANTA QUITÉRIA (POV ITABERABA)
1734,SANTA RITA DE CÁSSIA
1735,SANTA ROSA (POV CONCEIÇÃO DO COITÉ)
1736,SANTA ROSA (POV RIACHÃO DO JACUÍPE)
1737,SANTA TERESINHA
1738,SANTA TEREZINHA (POV JITAÚNA)
1739,SANTALUZ
1740,SANTANA
1741,SANTANA DO SOBRADO (DIST CASA NOVA)
1742,SANTANÓPOLIS
1743,SANTIAGO DO IGUAPE (DIST CACHOEIRA)
1744,SANTO AMARO
1745,SANTO AMARO (FAZ ITAMARAJU)
1746,SANTO AMARO (ITAMARAJU)
1747,SANTO ANDRÉ (POV SANTA CRUZ CABRÁLIA)
1748,SANTO ANTÔNIO (ANDARAÍ)
1749,SANTO ANTÔNIO (FAZ VITÓRIA DA CONQUISTA)
1750,SANTO ANTÔNIO (POV EUCLIDES DA CUNHA)
1751,SANTO ANTÔNIO (POV SANTA CRUZ CABRÁLIA)
1752,SANTO ANTÔNIO DE JESUS
1753,SANTO ANTÔNIO DOS PRAZERES (FEIRA DE SANTANA)
1754,SANTO ANTÔNIO II (POV ILHÉUS)
1755,SANTO ESTEVÃO
1756,SANTO ESTEVÃO (DIST SÃO FRANCISCO DO CONDE)
1757,SANTO ESTEVÃO VELHO (DIST ANTÔNIO CARDOSO)
1758,SANTO INÁCIO (DIST GENTIO DO OURO)
1759,SÃO BENTO DO INHATÁ (DIST AMÉLIA RODRIGUES)
1760,SÃO BERNARDO (POV JAGUARIPE)
1761,SÃO BORGES (PARATINGA)
1762,SÃO CRISTÓVÃO (SALVADOR)
1763,SÃO DESIDÉRIO
1764,SÃO DOMINGOS
1765,SÃO F. DO AMIANTO (FAZ POÇÕES)
1766,SÃO FELIPE
1767,SÃO FELIPE (POV TREMEDAL)
1768,SÃO FÉLIX
1769,SÃO FÉLIX DO CORIBE
1770,SÃO FIDEL (JUAZEIRO)
1771,SÃO FRANCISCO (POV PRADO)
1772,SÃO FRANCISCO DA MOMBAÇA (POV CONCEIÇÃO DO ALMEIDA)
1773,SÃO FRANCISCO DO CONDE
1774,SÃO GABRIEL
1776,SÃO GONÇALO DOS CAMPOS
1777,SÃO JOÃO (POV RIACHÃO DO JACUÍPE)
1778,SÃO JOÃO DO PANELINHA (DIST CAMACÃ)
1779,SÃO JOÃO DO PARAÍSO (DIST MASCOTE)
1780,SÃO JOÃO DO SUL (POV GUARATINGA)
1781,SÃO JOAQUIM (SALVADOR)
1782,SÃO JOSÉ (FAZ NOVA VIÇOSA)
1783,SÃO JOSÉ (ITAMARAJU)
1784,SÃO JOSÉ (POV CORIBE)
1785,SÃO JOSÉ (POV CURAÇÁ)
1786,SÃO JOSÉ (POV ILHÉUS)
1787,SÃO JOSÉ (POV BARRA)
1788,SÃO JOSÉ DA VITÓRIA
1789,SÃO JOSÉ DE ITAPORÃ (DIST MURITIBA)
1790,SÃO JOSÉ DO JACUÍPE
1791,SÃO JOSÉ DO PRADO (POV VEREDA)
1792,SÃO MANOEL (DIST CORRENTINA)
1793,SÃO MIGUEL (FAZ BARRO PRETO)
1794,SÃO MIGUEL DAS MATAS
1795,SÃO PAULINO (POV ITAMARAJU)
1796,SÃO PAULO (ITAPICURU)
1797,SÃO PEDRO (DIST SANTA MARIA DA VITÓRIA)
1798,SÃO RAIMUNDO (MARAÚ)
1799,SÃO ROQUE (DIST COARACI)
1800,SÃO ROQUE DO PARAGUAÇU (DIST MARAGOGIPE)
1801,SÃO ROQUE DO PARATIGI (POV RAFAEL JAMBEIRO)
1803,SÃO SEBASTIÃO DO PASSÉ
1804,SÃO VICENTE (POV FEIRA DE SANTANA)
1805,SAPEAÇU
1806,SAQUAÍRA (POV MARAÚ)
1807,SÁTIRO DIAS
1808,SAUBARA
1809,SAÚDE
1810,SEABRA
1811,SEBASTIÃO LARANJEIRAS
1812,SEGREDO (DIST SOUTO SOARES)
1813,SEMPRE VERDE (MATA DE SÃO JOÃO)
1814,SENHOR DO BONFIM (FAZ SANTA RITA DE CÁSSIA)
1815,SENHOR DO BONFIM
1816,SERRA (FAZ POÇÕES)
1817,SERRA DAS POMBAS (ANAGÉ)
1818,SERRA DO APORÁ (APORÁ)
1819,SERRA DO RAMALHO
1820,SERRA DOURADA
1821,SERRA GRANDE (DIST URUÇUCA)
1822,SERRA NEGRA (POV OLIVEIRA DOS BREJINHOS)
1823,SERRA PELADA (POV CAATIBA)
1824,SERRA PRETA
1825,SERRARIA (FAZ ALCOBAÇA)
1826,SERRARIA (POV ENTRE RIOS)
1827,SERRARIA CAJAÍBA (PORTO SEGURO)
1828,SERRINHA
1829,SERROLÂNDIA
1831,SERROTE (POV CONCEIÇÃO DO COITÉ)
1832,SIMÕES FILHO
1833,SINETE (POV IRAMAIA)
1834,SÍTIO (POV BAIXA GRANDE)
1835,SÍTIO (POV CRISTÓPOLIS)
1836,SÍTIO DA CONCEIÇÃO (POV ADUSTINA)
1837,SÍTIO DO CONDE (DIST CONDE)
1838,SÍTIO DO HERMENEGILDO (POV CRISTÓPOLIS)
1839,SÍTIO DO MATO
1840,SÍTIO DO MEIO (POV ENTRE RIOS)
1841,SÍTIO DO MORRO (BARREIRAS)
1842,SÍTIO DO QUINTO
1843,SÍTIO DO RIO GRANDE (SÃO DESIDÉRIO)
1844,SÍTIO GRANDE (DIST SÃO DESIDÉRIO)
1845,SÍTIO NOVO (DIST CATU)
1846,SÍTIO NOVO (POV LIVRAMENTO DE NOSSA SENHORA)
1847,SÍTIO PLANTA (CASA NOVA)
1848,SOBRADINHO
1849,SOBRELÂNDIA (POV IPUPIARA)
1850,SOUTO SOARES
1851,STIEP (SALVADOR)
1852,SUBAÚMA (DIST ENTRE RIOS)
1853,SUCUPIRA  (POV SÃO DESIDÉRIO)
1854,SUCURUIU (CORRENTINA)
1855,SUDENE (PRADO)
1856,SUMARÉ (POV PIRITIBA)
1857,SURURU (DIST BUERAREMA)
1858,SUSSUARANA (POV TANHAÇU)
1859,TABOA (BIRITINGA)
1860,TABOCAS DO BREJO VELHO
1861,TABOQUINHAS (DIST ITACARÉ)
1862,TABULEIRO (POV LIVRAMENTO DE NOSSA SENHORA)
1863,TAGUÁ (DIST COTEGIPE)
1864,TAMANDUÁ (POV BELO CAMPO)
1865,TAMARINDO (JEQUIÉ)
1866,TANHAÇU
1867,TÂNIA (SANTA CRUZ CABRÁLIA)
1868,TANQUE (POV PINDAÍ)
1869,TANQUE DO POMBO (QUIJINGUE)
1870,TANQUE NOVO
1871,TANQUES (POV LAPÃO)
1872,TANQUINHO
1873,TANQUINHO (POV LAPÃO)
1874,TANQUINHO (POV LENÇÓIS)
1875,TANQUINHO (POV PINDAÍ)
1876,TANQUINHO (POV SANTA RITA DE CÁSSIA)
1877,TANQUINHO (POV VALENTE)
1878,TAPERA (POV LAGOA REAL)
1879,TAPERA (POV SÃO GONÇALO DOS CAMPOS)
1880,TAPEROÁ
1881,TAPIRAMUTÁ
1882,TAPUIA (DIST CAMAMU)
1883,TAPUIO (POV ARACI)
1884,TAQUARI (POV CARAVELAS)
1885,TARIFA (CARAVELAS)
1886,TARTARUGA (DIST MILAGRES)
1887,TAUAPE (DIST LICÍNIO DE ALMEIDA)
1888,TEIXEIRA DE FREITAS
1889,TEIXEIRA DO PROGRESSO (POV MASCOTE)
1890,TEODORO SAMPAIO
1891,TEOFILÂNDIA
1892,TEOLÂNDIA
1893,TERMINAL AEROPORTO (LAURO DE FREITAS)
1894,TERMINAL DA FRANÇA (SALVADOR)
1895,TERMINAL MUSSURUNGA (SALVADOR)
1896,TERMINAL PIRAJÁ (SALVADOR)
1897,TERMINAL PITUAÇU (SALVADOR)
1898,TERMINAL RETIRO (SALVADOR)
1899,TERMINAL TURÍSTICO NÁUTICO DA BAHIA - TTNB (SALVADOR)
1900,TERRA NOVA
1901,TERRA SANTA (FAZ MORRO DO CHAPÉU)
1902,TERRAPLAC (LAURO DE FREITAS)
1903,TIJUAÇU (DIST SENHOR DO BONFIM)
1904,TIJUCO (POV HELIÓPOLIS)
1905,TINGUI (SÍTIO DO QUINTO)
1906,TOMBADOR (JACOBINA)
1907,SENTO SÉ
1908,TOPO (FAZ ÁGUA FRIA)
1909,TRACUPÁ (POV TUCANO)
1910,TRANCOSO (DIST PORTO SEGURO)
1911,TRANQUEIRAS (POV ITUAÇU)
1912,TRAVESSÃO (DIST IBIRAPITANGA)
1913,TREMEDAL
1914,TREMEDAL (FAZ POÇÕES)
1915,TREMEMBÉ (MARAÚ)
1916,TRÊS LAGOAS (FAZ ITAPETINGA)
1917,TREVO DO CIA (SIMÕES FILHO)
1918,TREVO DO MORAES (CORAÇÃO DE MARIA)
1919,TREVO DO RIO PRETO (BELMONTE)
1920,TRIÂNGULO (CAMAÇARI)
1921,TRINDADE (POV CÍCERO DANTAS)
1922,TRIUNFO DO SINCORÁ (DIST BARRA DA ESTIVA)
1923,TUCANO
1924,TÚNEL AMÉRICO SIMAS (SALVADOR)
1925,UAUÁ
1926,UBAÍRA
1927,UBAITABA
1928,UBATÃ
1929,UBIRAITÁ (DIST ANDARAÍ)
1930,UIBAÍ
1931,UMBURANAS
1932,UMBURANAS (POV BRUMADO)
1933,UMBUZEIRO (POV ABARÉ)
1934,UMBUZEIRO DOS SANTOS (POV RIO DE CONTAS)
1935,UNA
1936,UNIÃO QUEIMADA (POV ITAJUÍPE)
1937,URANDI
1938,URIÇANGA
1939,URUÇUCA
1940,USINA (PORTO SEGURO)
1941,UTINGA
1942,VACA SECA (POV TANHAÇU)
1943,VALE DO CANELA (SALVADOR)
1944,VALE DOS BARRIS (SALVADOR)
1945,VALE VERDE (POV PORTO SEGURO)
1946,VALENÇA
1947,VALENTE
1948,VALENTIM (POV BOA NOVA)
1949,VARGEM DÁGUA (LIVRAMENTO DE NOSSA SENHORA)
1950,VARGITO (DIST CAMACÃ)
1951,VÁRZEA DA PEDRA (POV ARACI)
1952,VÁRZEA DA ROÇA
1953,VÁRZEA DO POÇO
1954,VÁRZEA GRANDE (POV ITAGUAÇU DA BAHIA)
1955,VÁRZEA NOVA
1956,VARZEDO
1957,VEGA BAHIA (SALVADOR)
1958,VERA CRUZ
1959,VERA CRUZ (POV PORTO SEGURO)
1960,VERA CRUZ (PRAIA DO DURO)
1961,VEREDA
1962,VEREDA (FAZ VITÓRIA DA CONQUISTA)
1963,VEREDA DE BAIXO (POV BARRA DO MENDES)
1964,VEREDA DO PROGRESSO (POV VITÓRIA DA CONQUISTA)
1965,VEREDINHA (DIST VITÓRIA DA CONQUISTA)
1966,VEREDINHA (POV MACAÚBAS)
1967,VESPERINA (POV RIACHO DE SANTANA)
1968,VIA ACAIACA (DIAS D'ÁVILA)
1969,VIA AXIAL (CAMAÇARI)
1970,VIA COPEC (CAMAÇARI)
1971,VIA DE LIGAÇÃO (CAMAÇARI)
1972,VIA DO COBRE (CAMAÇARI)
1973,VIA FAZENDÃO (LAURO DE FREITAS)
1974,VIA FRONTAL (DIAS D'ÁVILA)
1975,VIA PARAFUSO
1976,VIA PARAFUSO (CAMAÇARI)
1977,VIA PERIMETRAL (CAMAÇARI)
1978,VIADUTO DO CIA (SIMÕES FILHO)
1979,VIADUTO PASSAGEM DOS TEIXEIRAS (CANDEIAS)
1980,VIDA NOVA (LAURO DE FREITAS)
1981,VILA APARECIDA (POV RIACHÃO DO JACUÍPE)
1982,VILA BAHIA (POV ENCRUZILHADA)
1983,VILA BRASIL (POV UNA)
1984,VILA CASTRO (LAPÃO)
1985,VILA DE ABRANTES (DIST CAMAÇARI)
1986,VILA DO CAFÉ (POV ENCRUZILHADA)
1987,VILA JOSÉ DO AVENA (POV ITANAGRA)
1988,VILA LIBERDADE (IRECÊ)
1989,VILA MANDACARU (JUAZEIRO)
1990,VILA MARIANA (MAETINGA)
1991,VILA MARIANA (POV CARAÍBAS)
1992,VILA NOVA (POV CORIBE)
1993,VILA PORTELA (POV IBIRAPOÃ)
1994,VILA SÃO SIMÃO (POV CORAÇÃO DE MARIA)
1995,VILA SÃO VICENTE (ITABERABA)
1996,VILA UNIÃO (POV ITAMARAJU)
1997,VILAS DO ATLÂNTICO - FIM DE LINHA (LAURO DE FREITAS)
1998,VISTA ALEGRE-BA/TO (BARREIRAS)
1999,VISTA NOVA (POV BELO CAMPO)
2000,VITÓRIA DA CONQUISTA
2001,VOLTA DA SERRA (POV PARATINGA)
2002,VOLTA DAS PEDRAS (POV PARATINGA)
2003,VOLTA GRANDE (POV LAPÃO)
2004,VOLTA MIÚDA (POV CARAVELAS)
2005,WAGNER
2006,WANDERLEY
2007,WENCESLAU GUIMARÃES
2008,XIQUE-XIQUE
2009,ZÉ DA VIOLA (POV BARREIRAS)
2010,ZUCA (POV BOA VISTA DO TUPIM)
2011,ENTRONC BR116/EST BOIADEIRA
2012,ENTRONC BR116/EST PEDRA BRANCA
2013,ENTRONC BR116/EST PAIAIÁ
2014,PEDRA (POV SANTO AMARO)
2015,MORRO DE PAJEÚ (FAZ ANGICAL)
2016,ENT BELMONTE
2017,PRESIDENTE DUTRA
2018,IPUÇABA (DIST OLIVEIRA DOS BREJINHOS)
2021,ENTRONC BA001/BA270
2022,ENT NOVA REDENÇÃO
2023,ENTRONC BR030/BA937
2024,ENT AEROPORTO (VITÓRIA DA CONQUISTA)
2025,ESTIVA (POV SÃO DESIDÉRIO)
2026,PALMEIRAS (CONTENDAS DO SINCORÁ)
2028,ENT GOVERNADOR MANGABEIRA
2034,ENT CORAÇÃO DE MARIA / CONCEIÇÃO DO JACUÍPE
2036,ENTRONC BR242/BA142
2037,ENTRONC BR110/BA233
2038,ENTRONC BR242/BA148
2039,BOMBRIL
2040,BA099
2041,ENTRONC BR116/BA046
2042,TOMBADOR (POV SENTO SÉ)
2043,LAGOA DO MABAÇO (UNA)
2044,JACARÉ (FAZ RIBEIRÃO DO LARGO)
2045,SÃO JOSÉ DO RIO GRANDE  (DIST RIACHÃO DAS NEVES)
2046,ENTRONC BA233/BA084
2047,RUA JJ SEABRA (FEIRA DE SANTANA)
2048,ACESSO NORTE (SALVADOR)
2049,RETORNO AV LUÍS EDUARDO MAGALHÃES (SALVADOR)
2050,AV OCEÂNICA (SALVADOR)
2051,PRAÇA DE ABRANTES (CAMAÇARI)
2052,CONDOMÍNIO VIVER SALVADOR (LAURO DA FREITAS)
2053,CAPELÃO (LAURO DE FREITAS)
2054,CAPIARARA (LAURO DE FREITAS)
2055,HOSPITAL METROPOLITANO (LAURO DE FREITAS)
2056,VIA METROPOLITANA
2058,PEDÁGIO BA099
2059,ENT VILA DE ABRANTES (CAMAÇARI)
2060,ENTRONC BR101/BA126
2061,ENTRONC BR324/BR420
2062,ENTRONC BA270/BR101
2063,ENTRONC BR101/BA680
2064,SÃO JOSÉ (POV BURITIRAMA)
1775,JOSÉ GONÇALO (POV BURITIRAMA)
2065,CAMAÇARI (TERMINAL DA FEIRA)
187,PONTE RIO PARDO (CANAVIEIRAS)
2066,NOVA DIAS D`ÁVILA VIA POLO (DIAS D´ÁVILA)
2067,TERMINAL AEROPORTO VIA AV SANTOS DUMONT (LAURO DE FREITAS)
2068,TERMINAL AEROPORTO VIA PARQUE SÃO PAULO (LAURO DE FREITAS)
2069,RUA RIO DAS GRAÇAS (LAURO DE FREITAS)
2070,PARQUE SHOPPING BAHIA (LAURO DE FREITAS)
2071,SOLAR DE VILAS (LAURO DE FREITAS)
2072,RUA PATARO MACHADO (LAURO DE FREITAS)
2073,CENTRO ADMINISTRATIVO (LAURO DE FREITAS)
2074,RUA DOS VEREADORES (LAURO DE FREITAS)
2075,TERMINAL RODOVIÁRIA (SALVADOR)
2076,CATU (CENTRO)
2077,POJUCA (CENTRO)
2078,ENTRONC BA172/BA582
2079,KM 4 -VILA FELIZ (POV FEIRA DE SANTANA) 
2080,SÃO JOÃO (POV CANDEAL)
2081,ENT BELO ALTO (POV CANDEAL) 
2082,PARAGUASSU (POV RAFAEL JAMBEIRO)
2083,MARACANÃ (POV RAFAEL JAMBEIRO)
2084,BOA VISTA (POV SERRA DO RAMALHO)
2085,PITUBA (SERRA DO RAMALHO)
2086,AGROVILA XVIII (SERRA DO RAMALHO)
2087,POSTO TREVO (FEIRA DE SANTANA)
2088,QUIJI (POV LAMARÃO)
2089,CERÂMICA (SERRINHA)
2090,PONTO DA DOIDA (SERRINHA)
2091,SACO DO CORREIO (POV SERRINHA)
2092,SACO (POV SERRINHA)
2093,MARAVILHA (POV SERRINHA)
2094,TRAÍRA (FAZ LAMARÃO) / POÇÕES (FAZ LAMARÃO)
2095,KM 04/BR324 (POV SANTA BÁRBARA)
2096,ASSENTAMENTO (SOBRADINHO)
2097,PORTO DE JUACEMA (POV SENTO SÉ)
2098,CARNAÍBA (DIST JUAZEIRO)
2105,FEIRINHA (POV CARINHANHA)
2106,ENTRONC BA262/BA625
2107,LAGOA SECA (CARAÍBAS)
2108,VEREDINHA (CARAÍBAS)
2109,ENT BA265
2110,ENTRONC BR242/BA849
2111,VALE DO CAPÃO (DIST PALMEIRAS)
2112,GUINÉ (DIST MUCUGÊ)
2114,ENT PAMBU (POV SERRA DO RAMALHO)
2115,PAMBU (POV SERRA DO RAMALHO)
2116,LAMEIRÃO (DIST CANÁPOLIS)
2117,AGROVILA II (SERRA DO RAMALHO)
2118,AGROVILA XVII EIXO II (SERRA DO RAMALHO) 
2119,AGROVILA XX (SERRA DO RAMALHO)
2120,AGROVILA XIX (SERRA DO RAMALHO)
2121,PONTE VELHA (POV SANTA MARIA DA VITÓRIA)
2122,ENT NOVA JATOBÁ (DIST CURAÇÁ)
2123,NOVA JATOBÁ (DIST CURAÇÁ)
2124,AGROVILA XXIII (CARINHANHA)
2125,PEDRA NEGRA (POV BARRA)
2126,FAZENDA GRANDE (POV MUQUEM DO SÃO FRANCISCO)
2127,TORRINHA (POV BARRA)
2128,REFORMA ALTO PARAÍSO (POV BARRA)
2129,RANCHINHO (POV CORIBE)
2130,ENTRONC BR235/BA723
2131,BEM BOM (POV CASA NOVA)
2133,BARRA DO PEIXINHO (POV TABOCAS DO BREJO VELHO)
2134,MARIQUITA (DIST TABOCAS DO BREJO VELHO)
2135,OLHO DÁGUINHA (POV TABOCAS DO BREJO VELHO) 
2136,JUAZEIRO (POV TABOCAS DO BREJO VELHO) 
2137,SANTA LUZIA (POV TABOCAS DO BREJO VELHO) 
2132,SÃO JOÃO DO PORTO ALEGRE (POV COCOS)
2138,ENTRONC BR242/BA839
2139,CADETE (POV WANDERLEY)
2140,ENT COMUNIDADE THIAGOS (RIBEIRÃO DO LARGO) 
2141,COMUNIDADE THIAGOS (RIBEIRÃO DO LARGO) 
2142,LINDO HORIZONTE (DIST ANAGÉ)
1193,LAURINHA (FAZ GENTIO DO OURO)
